<?xml version = '1.0' encoding = 'UTF-8'?>
<Relation class="oracle.dbtools.crest.model.design.logical.Relation" name="Customer_Appointment" directorySegmentName="seg_0" id="1D93C49B-F818-580D-3A9E-56B90161E12F">
<createdBy>andre</createdBy>
<createdTime>2019-06-24 21:35:55 UTC</createdTime>
<ownerDesignName>COMP231 - ERD</ownerDesignName>
<engineerTo>
<item key="EF7AD28D-4D01-C4C6-C550-8548A3F33C16" value="true"/>
</engineerTo>
<sourcePk>19486C9B-BA3D-1E08-EC88-95BEFB3B0CE2</sourcePk>
<identifying>false</identifying>
<optionalSource>true</optionalSource>
<optionalTarget>false</optionalTarget>
<sourceCardinality>1</sourceCardinality>
<sourceEntity>5E5D1931-E5CD-5D36-D08B-DDFD4A6D333E</sourceEntity>
<targetCardinalityString>*</targetCardinalityString>
<targetEntity>416895A0-5EA3-9E5F-574D-13AF1BD2B982</targetEntity>
<transferable>true</transferable>
<deleteRule>NO ACTION</deleteRule>
</Relation>