<?xml version = '1.0' encoding = 'UTF-8'?>
<Relation class="oracle.dbtools.crest.model.design.logical.Relation" name="CleanerSchedule" directorySegmentName="seg_0" id="32DE695B-ABE1-304B-AD4F-42DE89E53F24">
<createdBy>andre</createdBy>
<createdTime>2019-06-26 13:45:21 UTC</createdTime>
<ownerDesignName>COMP231 - ERD</ownerDesignName>
<engineerTo>
<item key="EF7AD28D-4D01-C4C6-C550-8548A3F33C16" value="true"/>
</engineerTo>
<sourcePk>AE9A0006-8658-E7F2-F8FE-E8F73FA18919</sourcePk>
<identifying>false</identifying>
<nameOnSource>IdCleaner</nameOnSource>
<nameOnTarget>IdCleaner</nameOnTarget>
<optionalSource>true</optionalSource>
<optionalTarget>false</optionalTarget>
<sourceCardinality>1</sourceCardinality>
<sourceEntity>113F404F-BC5C-A86C-0D10-C14A48B90287</sourceEntity>
<targetCardinalityString>*</targetCardinalityString>
<targetEntity>23346427-06AB-B7EA-E2E1-A69E6274D8CD</targetEntity>
<transferable>true</transferable>
<deleteRule>NO ACTION</deleteRule>
</Relation>