<?xml version = '1.0' encoding = 'UTF-8'?>
<Relation class="oracle.dbtools.crest.model.design.logical.Relation" name="Appointment_Payment" directorySegmentName="seg_0" id="4FAB083E-ED8B-13BD-9632-07426ADA08C8">
<createdBy>andre</createdBy>
<createdTime>2019-06-24 21:36:51 UTC</createdTime>
<ownerDesignName>COMP231 - ERD</ownerDesignName>
<engineerTo>
<item key="EF7AD28D-4D01-C4C6-C550-8548A3F33C16" value="true"/>
</engineerTo>
<sourcePk>0B594F91-518E-E093-0CBC-A7EF6D331D4A</sourcePk>
<identifying>false</identifying>
<nameOnSource>IdAppointment</nameOnSource>
<nameOnTarget>IdAppointment</nameOnTarget>
<optionalSource>true</optionalSource>
<optionalTarget>false</optionalTarget>
<sourceCardinality>1</sourceCardinality>
<sourceEntity>416895A0-5EA3-9E5F-574D-13AF1BD2B982</sourceEntity>
<targetCardinalityString>1</targetCardinalityString>
<targetEntity>26E926C6-685D-AE04-EF4F-01BAFED5C017</targetEntity>
<transferable>true</transferable>
<deleteRule>NO ACTION</deleteRule>
</Relation>