<?xml version = '1.0' encoding = 'UTF-8'?>
<Relation class="oracle.dbtools.crest.model.design.logical.Relation" name="Cleaner_Appointment" directorySegmentName="seg_0" id="A03EF9F2-7B0A-7658-31C9-2D50348A7D82">
<createdBy>andre</createdBy>
<createdTime>2019-06-24 21:35:20 UTC</createdTime>
<ownerDesignName>COMP231 - ERD</ownerDesignName>
<engineerTo>
<item key="EF7AD28D-4D01-C4C6-C550-8548A3F33C16" value="true"/>
</engineerTo>
<sourcePk>AE9A0006-8658-E7F2-F8FE-E8F73FA18919</sourcePk>
<identifying>false</identifying>
<nameOnSource>IdCleaner</nameOnSource>
<nameOnTarget>IdCleaner</nameOnTarget>
<optionalSource>true</optionalSource>
<optionalTarget>false</optionalTarget>
<sourceCardinality>1</sourceCardinality>
<sourceEntity>113F404F-BC5C-A86C-0D10-C14A48B90287</sourceEntity>
<targetCardinalityString>*</targetCardinalityString>
<targetEntity>416895A0-5EA3-9E5F-574D-13AF1BD2B982</targetEntity>
<transferable>true</transferable>
<deleteRule>NO ACTION</deleteRule>
</Relation>