<?xml version = '1.0' encoding = 'UTF-8'?>
<Relation class="oracle.dbtools.crest.model.design.logical.Relation" name="ServicePrice_Appointment" directorySegmentName="seg_0" id="C6B4F293-F904-C433-6B92-CA99D2C85CEC">
<createdBy>andre</createdBy>
<createdTime>2019-06-24 21:30:40 UTC</createdTime>
<ownerDesignName>COMP231 - ERD</ownerDesignName>
<engineerTo>
<item key="EF7AD28D-4D01-C4C6-C550-8548A3F33C16" value="true"/>
</engineerTo>
<sourcePk>D8B1797B-4384-21C1-58DA-7EF65573D6B0</sourcePk>
<identifying>false</identifying>
<nameOnSource>IdServicePrice</nameOnSource>
<nameOnTarget>IdServicePrice</nameOnTarget>
<optionalSource>true</optionalSource>
<optionalTarget>false</optionalTarget>
<sourceCardinality>1</sourceCardinality>
<sourceEntity>73DE0839-C6DF-4727-DC4B-9F45BAE8CE05</sourceEntity>
<targetCardinalityString>1</targetCardinalityString>
<targetEntity>416895A0-5EA3-9E5F-574D-13AF1BD2B982</targetEntity>
<transferable>true</transferable>
<deleteRule>NO ACTION</deleteRule>
</Relation>