<?xml version = '1.0' encoding = 'UTF-8'?>
<Relation class="oracle.dbtools.crest.model.design.logical.Relation" name="Customer_Subscription" directorySegmentName="seg_0" id="CA899CA9-B824-2EAA-F7FF-6844DFB786DE">
<createdBy>andre</createdBy>
<createdTime>2019-06-24 21:31:30 UTC</createdTime>
<ownerDesignName>COMP231 - ERD</ownerDesignName>
<engineerTo>
<item key="EF7AD28D-4D01-C4C6-C550-8548A3F33C16" value="true"/>
</engineerTo>
<sourcePk>19486C9B-BA3D-1E08-EC88-95BEFB3B0CE2</sourcePk>
<identifying>false</identifying>
<nameOnSource>IdCustomer</nameOnSource>
<nameOnTarget>IdCustomer</nameOnTarget>
<optionalSource>true</optionalSource>
<optionalTarget>false</optionalTarget>
<sourceCardinality>1</sourceCardinality>
<sourceEntity>5E5D1931-E5CD-5D36-D08B-DDFD4A6D333E</sourceEntity>
<targetCardinalityString>*</targetCardinalityString>
<targetEntity>7ED95CCA-62D7-25A1-97A7-C90E096CEED8</targetEntity>
<transferable>true</transferable>
<deleteRule>NO ACTION</deleteRule>
</Relation>