<?xml version = '1.0' encoding = 'UTF-8'?>
<Relation class="oracle.dbtools.crest.model.design.logical.Relation" name="CustomerAddress" directorySegmentName="seg_0" id="DE1CD913-71B7-3EBD-B61A-7EDBC7CE6B28">
<createdBy>andre</createdBy>
<createdTime>2019-06-24 21:32:43 UTC</createdTime>
<ownerDesignName>COMP231 - ERD</ownerDesignName>
<engineerTo>
<item key="EF7AD28D-4D01-C4C6-C550-8548A3F33C16" value="true"/>
</engineerTo>
<sourcePk>19486C9B-BA3D-1E08-EC88-95BEFB3B0CE2</sourcePk>
<identifying>false</identifying>
<nameOnSource>IdCustomer</nameOnSource>
<nameOnTarget>IdCustomer</nameOnTarget>
<optionalSource>true</optionalSource>
<optionalTarget>false</optionalTarget>
<sourceCardinality>1</sourceCardinality>
<sourceEntity>5E5D1931-E5CD-5D36-D08B-DDFD4A6D333E</sourceEntity>
<targetCardinalityString>1</targetCardinalityString>
<targetEntity>26AD7025-D5C1-695D-4D63-45E6DAC7555A</targetEntity>
<transferable>true</transferable>
<deleteRule>NO ACTION</deleteRule>
</Relation>