<?xml version = '1.0' encoding = 'UTF-8'?>
<Relation class="oracle.dbtools.crest.model.design.logical.Relation" name="UserLogin_Customer" directorySegmentName="seg_0" id="EBE0F661-C4ED-F369-76A1-CCCEA0797950">
<createdBy>andre</createdBy>
<createdTime>2019-06-24 21:30:04 UTC</createdTime>
<ownerDesignName>COMP231 - ERD</ownerDesignName>
<engineerTo>
<item key="EF7AD28D-4D01-C4C6-C550-8548A3F33C16" value="true"/>
</engineerTo>
<sourcePk>B61003AD-19D6-9AE7-7D85-ACE05A947EE4</sourcePk>
<identifying>false</identifying>
<nameOnSource>Username</nameOnSource>
<nameOnTarget>Username</nameOnTarget>
<optionalSource>true</optionalSource>
<optionalTarget>false</optionalTarget>
<sourceCardinality>1</sourceCardinality>
<sourceEntity>56897946-70FD-8F1A-E862-5F4677A93B2F</sourceEntity>
<targetCardinalityString>1</targetCardinalityString>
<targetEntity>5E5D1931-E5CD-5D36-D08B-DDFD4A6D333E</targetEntity>
<transferable>true</transferable>
<deleteRule>NO ACTION</deleteRule>
</Relation>