<?xml version = '1.0' encoding = 'UTF-8'?>
<Entity class="oracle.dbtools.crest.model.design.logical.Entity" directorySegmentName="seg_0" id="26AD7025-D5C1-695D-4D63-45E6DAC7555A" name="Address">
<createdBy>andre</createdBy>
<createdTime>2019-06-15 22:44:19 UTC</createdTime>
<generatorID>1817DD91-B770-DD49-BD82-B1E11E954B31</generatorID>
<ownerDesignName>COMP231 - ERD</ownerDesignName>
<engineerTo>
<item key="EF7AD28D-4D01-C4C6-C550-8548A3F33C16" value="true"/>
</engineerTo>
<adequatelyNormalized>NO</adequatelyNormalized>
<expectedVolumes>0</expectedVolumes>
<fwdEngineeringStrategyName>Single Table</fwdEngineeringStrategyName>
<growthPercent>0</growthPercent>
<growthType>Year</growthType>
<maxVolumes>9999999</maxVolumes>
<minVolumes>0</minVolumes>
<normalForm>Third</normalForm>
<attributes itemClass="oracle.dbtools.crest.model.design.logical.Attribute">
<Attribute name="IdAddress" id="E3B15B02-EDEF-9267-0861-A95B98A12D12">
<createdBy>andre</createdBy>
<createdTime>2019-06-15 22:44:19 UTC</createdTime>
<generatorID>25B1C6EC-A05C-B0C8-B3C1-C1C0526D3915</generatorID>
<ownerDesignName>COMP231 - ERD</ownerDesignName>
<engineerTo>
<item key="EF7AD28D-4D01-C4C6-C550-8548A3F33C16" value="true"/>
</engineerTo>
<useDomainConstraints>false</useDomainConstraints>
<use>1</use>
<logicalDatatype>LOGDT019</logicalDatatype>
<dataTypePrecision>10</dataTypePrecision>
<ownDataTypeParameters>,10,</ownDataTypeParameters>
</Attribute>
<Attribute name="Address" id="C6342842-A7EC-48B9-36EE-1BE4761DC50D">
<createdBy>andre</createdBy>
<createdTime>2019-06-15 22:44:19 UTC</createdTime>
<generatorID>13E20EBA-37D2-CFBE-799F-6AEFD5E60BAA</generatorID>
<ownerDesignName>COMP231 - ERD</ownerDesignName>
<engineerTo>
<item key="EF7AD28D-4D01-C4C6-C550-8548A3F33C16" value="true"/>
</engineerTo>
<nullsAllowed>true</nullsAllowed>
<useDomainConstraints>false</useDomainConstraints>
<use>1</use>
<logicalDatatype>LOGDT024</logicalDatatype>
<dataTypeSize>50</dataTypeSize>
<ownDataTypeParameters>50,,</ownDataTypeParameters>
</Attribute>
<Attribute name="AddressUnit" id="7AB8AF44-7BA1-F039-AE71-4EC4686E1F4A">
<createdBy>andre</createdBy>
<createdTime>2019-06-15 22:44:19 UTC</createdTime>
<generatorID>4EBD43AF-B789-943B-C545-55E15F22EBAC</generatorID>
<ownerDesignName>COMP231 - ERD</ownerDesignName>
<engineerTo>
<item key="EF7AD28D-4D01-C4C6-C550-8548A3F33C16" value="true"/>
</engineerTo>
<nullsAllowed>true</nullsAllowed>
<useDomainConstraints>false</useDomainConstraints>
<use>1</use>
<logicalDatatype>LOGDT024</logicalDatatype>
<dataTypeSize>15</dataTypeSize>
<ownDataTypeParameters>15,,</ownDataTypeParameters>
</Attribute>
<Attribute name="PostalCode" id="36701E37-B182-C6F7-5328-15590A9541B4">
<createdBy>andre</createdBy>
<createdTime>2019-06-15 22:44:19 UTC</createdTime>
<generatorID>3094C978-D020-887F-1A82-7767E6D49047</generatorID>
<ownerDesignName>COMP231 - ERD</ownerDesignName>
<engineerTo>
<item key="EF7AD28D-4D01-C4C6-C550-8548A3F33C16" value="true"/>
</engineerTo>
<nullsAllowed>true</nullsAllowed>
<useDomainConstraints>false</useDomainConstraints>
<use>1</use>
<logicalDatatype>LOGDT024</logicalDatatype>
<dataTypeSize>6</dataTypeSize>
<ownDataTypeParameters>6,,</ownDataTypeParameters>
</Attribute>
<Attribute name="City" id="A15EB96D-0615-7260-E5F9-6722E92820C2">
<createdBy>andre</createdBy>
<createdTime>2019-06-15 22:44:19 UTC</createdTime>
<generatorID>E10456E6-3654-185E-8DC1-60089D7AE638</generatorID>
<ownerDesignName>COMP231 - ERD</ownerDesignName>
<engineerTo>
<item key="EF7AD28D-4D01-C4C6-C550-8548A3F33C16" value="true"/>
</engineerTo>
<nullsAllowed>true</nullsAllowed>
<useDomainConstraints>false</useDomainConstraints>
<use>1</use>
<logicalDatatype>LOGDT024</logicalDatatype>
<dataTypeSize>25</dataTypeSize>
<ownDataTypeParameters>25,,</ownDataTypeParameters>
</Attribute>
<Attribute name="Province" id="63A45F83-1517-18D5-57C3-DAAEED637F6E">
<createdBy>andre</createdBy>
<createdTime>2019-06-15 22:44:19 UTC</createdTime>
<generatorID>B4B6BFC6-23CD-A6EA-9E62-26EE2F5DF7D7</generatorID>
<ownerDesignName>COMP231 - ERD</ownerDesignName>
<engineerTo>
<item key="EF7AD28D-4D01-C4C6-C550-8548A3F33C16" value="true"/>
</engineerTo>
<nullsAllowed>true</nullsAllowed>
<useDomainConstraints>false</useDomainConstraints>
<use>1</use>
<logicalDatatype>LOGDT024</logicalDatatype>
<dataTypeSize>2</dataTypeSize>
<ownDataTypeParameters>2,,</ownDataTypeParameters>
</Attribute>
<Attribute name="IdCustomer" directorySegmentName="seg_0" id="A88C2B4C-ADB2-DD70-C231-608DC71755E0">
<createdBy>andre</createdBy>
<createdTime>2019-06-24 21:32:43 UTC</createdTime>
<generatorID>DE1CD913-71B7-3EBD-B61A-7EDBC7CE6B28</generatorID>
<ownerDesignName>COMP231 - ERD</ownerDesignName>
<engineerTo>
<item key="EF7AD28D-4D01-C4C6-C550-8548A3F33C16" value="true"/>
</engineerTo>
<referedAttribute>F414A205-DEA2-DCE6-0396-FE18136284F7</referedAttribute>
<useDomainConstraints>false</useDomainConstraints>
<use>1</use>
<logicalDatatype>LOGDT019</logicalDatatype>
<dataTypePrecision>10</dataTypePrecision>
<ownDataTypeParameters>,10,</ownDataTypeParameters>
</Attribute>
</attributes>
<identifiers itemClass="oracle.dbtools.crest.model.design.logical.CandidateKey">
<identifier id="FE17A092-14CC-49C6-4DDA-90237D662819" name="Address_PK">
<createdBy>andre</createdBy>
<createdTime>2019-06-15 22:44:19 UTC</createdTime>
<generatorID>0A93ADB0-343C-CAAE-1930-CF6872FA50FC</generatorID>
<ownerDesignName>COMP231 - ERD</ownerDesignName>
<engineerTo>
<item key="EF7AD28D-4D01-C4C6-C550-8548A3F33C16" value="true"/>
</engineerTo>
<pk>true</pk>
</identifier>
</identifiers>
</Entity>