<?xml version = '1.0' encoding = 'UTF-8'?>
<Entity class="oracle.dbtools.crest.model.design.logical.Entity" directorySegmentName="seg_0" id="26E926C6-685D-AE04-EF4F-01BAFED5C017" name="AppointmentPayment">
<createdBy>andre</createdBy>
<createdTime>2019-06-24 21:19:26 UTC</createdTime>
<generatorID>669B23A5-7EEE-FBE8-82D3-96E06E10C75A</generatorID>
<ownerDesignName>COMP231 - ERD</ownerDesignName>
<engineerTo>
<item key="EF7AD28D-4D01-C4C6-C550-8548A3F33C16" value="true"/>
</engineerTo>
<adequatelyNormalized>NO</adequatelyNormalized>
<expectedVolumes>0</expectedVolumes>
<fwdEngineeringStrategyName>Single Table</fwdEngineeringStrategyName>
<growthPercent>0</growthPercent>
<growthType>Year</growthType>
<maxVolumes>9999999</maxVolumes>
<minVolumes>0</minVolumes>
<normalForm>Third</normalForm>
<attributes itemClass="oracle.dbtools.crest.model.design.logical.Attribute">
<Attribute name="IdAppointmentPayment" id="D379891A-2CF7-13BE-C7DD-0E366D9DB4DF">
<createdBy>andre</createdBy>
<createdTime>2019-06-24 21:19:26 UTC</createdTime>
<generatorID>5F0CF196-8029-6F60-21F7-383EE96A43D9</generatorID>
<ownerDesignName>COMP231 - ERD</ownerDesignName>
<engineerTo>
<item key="EF7AD28D-4D01-C4C6-C550-8548A3F33C16" value="true"/>
</engineerTo>
<useDomainConstraints>false</useDomainConstraints>
<use>1</use>
<logicalDatatype>LOGDT019</logicalDatatype>
<dataTypePrecision>10</dataTypePrecision>
<ownDataTypeParameters>,10,</ownDataTypeParameters>
</Attribute>
<Attribute name="clHoursWorked" id="1D0CDBF1-1AAC-99E1-8A8D-FE6C442208B6">
<createdBy>andre</createdBy>
<createdTime>2019-06-24 21:19:26 UTC</createdTime>
<generatorID>19162B11-5A7A-EA9D-4319-731443AC09B6</generatorID>
<ownerDesignName>COMP231 - ERD</ownerDesignName>
<engineerTo>
<item key="EF7AD28D-4D01-C4C6-C550-8548A3F33C16" value="true"/>
</engineerTo>
<nullsAllowed>true</nullsAllowed>
<useDomainConstraints>false</useDomainConstraints>
<use>1</use>
<logicalDatatype>LOGDT019</logicalDatatype>
<dataTypePrecision>2</dataTypePrecision>
<ownDataTypeParameters>,2,</ownDataTypeParameters>
</Attribute>
<Attribute name="ctHoursContracted" id="ED7CDF68-1D24-F1D7-874F-C1CF411FA646">
<createdBy>andre</createdBy>
<createdTime>2019-06-24 21:19:26 UTC</createdTime>
<generatorID>7751EA6E-3E73-27E6-6CA1-5A4C39D91929</generatorID>
<ownerDesignName>COMP231 - ERD</ownerDesignName>
<engineerTo>
<item key="EF7AD28D-4D01-C4C6-C550-8548A3F33C16" value="true"/>
</engineerTo>
<nullsAllowed>true</nullsAllowed>
<useDomainConstraints>false</useDomainConstraints>
<use>1</use>
<logicalDatatype>LOGDT019</logicalDatatype>
<dataTypePrecision>2</dataTypePrecision>
<ownDataTypeParameters>,2,</ownDataTypeParameters>
</Attribute>
<Attribute name="paidToCleaner" id="90527D5B-BAC7-C6B6-271B-8E53FF73C959">
<createdBy>andre</createdBy>
<createdTime>2019-06-24 21:19:26 UTC</createdTime>
<generatorID>62DB4E7E-D141-4401-52A9-DC5FD469D69B</generatorID>
<ownerDesignName>COMP231 - ERD</ownerDesignName>
<engineerTo>
<item key="EF7AD28D-4D01-C4C6-C550-8548A3F33C16" value="true"/>
</engineerTo>
<nullsAllowed>true</nullsAllowed>
<useDomainConstraints>false</useDomainConstraints>
<use>1</use>
<logicalDatatype>LOGDT025</logicalDatatype>
<dataTypeSize>1 CHAR</dataTypeSize>
<listOfValues>
<valueDef value="N" description=""/>
<valueDef value="Y" description=""/>
</listOfValues>
<defaultValue>N</defaultValue>
<ownDataTypeParameters>1 CHAR,,</ownDataTypeParameters>
</Attribute>
<Attribute name="paidByCustomer" id="6C09355B-B2F3-91AC-67E3-53C507C9BBB7">
<createdBy>andre</createdBy>
<createdTime>2019-06-24 21:19:26 UTC</createdTime>
<generatorID>3DEE94F4-4A8B-B915-0CB0-8B69331B39C1</generatorID>
<ownerDesignName>COMP231 - ERD</ownerDesignName>
<engineerTo>
<item key="EF7AD28D-4D01-C4C6-C550-8548A3F33C16" value="true"/>
</engineerTo>
<nullsAllowed>true</nullsAllowed>
<useDomainConstraints>false</useDomainConstraints>
<use>1</use>
<logicalDatatype>LOGDT025</logicalDatatype>
<dataTypeSize>1 CHAR</dataTypeSize>
<listOfValues>
<valueDef value="N" description=""/>
<valueDef value="Y" description=""/>
</listOfValues>
<defaultValue>N</defaultValue>
<ownDataTypeParameters>1 CHAR,,</ownDataTypeParameters>
</Attribute>
<Attribute name="amountPaidToCleaner" id="295D2D2E-90E7-4B19-3837-8DAF69D74C2D">
<createdBy>andre</createdBy>
<createdTime>2019-06-24 21:19:26 UTC</createdTime>
<generatorID>7F9E81AD-23B5-3A60-D5F5-0F1BB1829F88</generatorID>
<ownerDesignName>COMP231 - ERD</ownerDesignName>
<engineerTo>
<item key="EF7AD28D-4D01-C4C6-C550-8548A3F33C16" value="true"/>
</engineerTo>
<nullsAllowed>true</nullsAllowed>
<useDomainConstraints>false</useDomainConstraints>
<use>1</use>
<logicalDatatype>LOGDT019</logicalDatatype>
<dataTypePrecision>10</dataTypePrecision>
<dataTypeScale>2</dataTypeScale>
<ownDataTypeParameters>,10,2</ownDataTypeParameters>
</Attribute>
<Attribute name="amountPaidByCustomer" id="74E34EE4-F254-0138-7F3A-0B3619FFFB3B">
<createdBy>andre</createdBy>
<createdTime>2019-06-24 21:19:26 UTC</createdTime>
<generatorID>94704E08-C471-5CAF-A095-169530A1BCF4</generatorID>
<ownerDesignName>COMP231 - ERD</ownerDesignName>
<engineerTo>
<item key="EF7AD28D-4D01-C4C6-C550-8548A3F33C16" value="true"/>
</engineerTo>
<nullsAllowed>true</nullsAllowed>
<useDomainConstraints>false</useDomainConstraints>
<use>1</use>
<logicalDatatype>LOGDT019</logicalDatatype>
<dataTypePrecision>10</dataTypePrecision>
<dataTypeScale>2</dataTypeScale>
<ownDataTypeParameters>,10,2</ownDataTypeParameters>
</Attribute>
<Attribute name="IdAppointment" directorySegmentName="seg_0" id="12BF8C20-7E3F-CF35-0CF0-FD095A6ADC8A">
<createdBy>andre</createdBy>
<createdTime>2019-06-24 21:36:51 UTC</createdTime>
<generatorID>4FAB083E-ED8B-13BD-9632-07426ADA08C8</generatorID>
<ownerDesignName>COMP231 - ERD</ownerDesignName>
<engineerTo>
<item key="EF7AD28D-4D01-C4C6-C550-8548A3F33C16" value="true"/>
</engineerTo>
<referedAttribute>CEF6754E-D42B-05F9-C195-4510C04B547E</referedAttribute>
<useDomainConstraints>false</useDomainConstraints>
<use>1</use>
<logicalDatatype>LOGDT019</logicalDatatype>
<dataTypePrecision>10</dataTypePrecision>
<ownDataTypeParameters>,10,</ownDataTypeParameters>
</Attribute>
</attributes>
<identifiers itemClass="oracle.dbtools.crest.model.design.logical.CandidateKey">
<identifier id="D0F735B3-4CFB-FE59-0EFB-85D1BA6274A7" name="AppointmentPayment PK">
<createdBy>andre</createdBy>
<createdTime>2019-06-24 21:19:26 UTC</createdTime>
<generatorID>CBF4799C-8113-CAF0-2AA8-A7E13415BB04</generatorID>
<ownerDesignName>COMP231 - ERD</ownerDesignName>
<engineerTo>
<item key="EF7AD28D-4D01-C4C6-C550-8548A3F33C16" value="true"/>
</engineerTo>
<pk>true</pk>
</identifier>
</identifiers>
</Entity>