<?xml version = '1.0' encoding = 'UTF-8'?>
<Entity class="oracle.dbtools.crest.model.design.logical.Entity" directorySegmentName="seg_0" id="416895A0-5EA3-9E5F-574D-13AF1BD2B982" name="Appointment">
<createdBy>andre</createdBy>
<createdTime>2019-06-15 03:14:09 UTC</createdTime>
<ownerDesignName>COMP231 - ERD</ownerDesignName>
<engineerTo>
<item key="EF7AD28D-4D01-C4C6-C550-8548A3F33C16" value="true"/>
</engineerTo>
<adequatelyNormalized>NO</adequatelyNormalized>
<expectedVolumes>0</expectedVolumes>
<fwdEngineeringStrategyName>Single Table</fwdEngineeringStrategyName>
<growthPercent>0</growthPercent>
<growthType>Year</growthType>
<maxVolumes>9999999</maxVolumes>
<minVolumes>0</minVolumes>
<normalForm>Third</normalForm>
<attributes itemClass="oracle.dbtools.crest.model.design.logical.Attribute">
<Attribute name="IdAppointment" id="CEF6754E-D42B-05F9-C195-4510C04B547E">
<createdBy>andre</createdBy>
<createdTime>2019-06-15 03:14:21 UTC</createdTime>
<ownerDesignName>COMP231 - ERD</ownerDesignName>
<engineerTo>
<item key="EF7AD28D-4D01-C4C6-C550-8548A3F33C16" value="true"/>
</engineerTo>
<useDomainConstraints>false</useDomainConstraints>
<use>1</use>
<logicalDatatype>LOGDT019</logicalDatatype>
<dataTypePrecision>10</dataTypePrecision>
<ownDataTypeParameters>,10,</ownDataTypeParameters>
</Attribute>
<Attribute name="IdServicePrice" directorySegmentName="seg_0" id="02F7FBE8-87E8-B060-DDAD-ED25B141251F">
<createdBy>andre</createdBy>
<createdTime>2019-06-24 21:30:40 UTC</createdTime>
<generatorID>C6B4F293-F904-C433-6B92-CA99D2C85CEC</generatorID>
<ownerDesignName>COMP231 - ERD</ownerDesignName>
<engineerTo>
<item key="EF7AD28D-4D01-C4C6-C550-8548A3F33C16" value="true"/>
</engineerTo>
<referedAttribute>08D2F1F7-D7F1-CB50-CE20-4C2C2A6333EF</referedAttribute>
<useDomainConstraints>false</useDomainConstraints>
<use>1</use>
<logicalDatatype>LOGDT019</logicalDatatype>
<dataTypePrecision>10</dataTypePrecision>
<ownDataTypeParameters>,10,</ownDataTypeParameters>
</Attribute>
<Attribute name="IdCustomer" directorySegmentName="seg_0" id="9E91D8A3-8D0D-38BA-6233-168A4B718CAA">
<createdBy>andre</createdBy>
<createdTime>2019-06-24 21:35:55 UTC</createdTime>
<generatorID>1D93C49B-F818-580D-3A9E-56B90161E12F</generatorID>
<ownerDesignName>COMP231 - ERD</ownerDesignName>
<engineerTo>
<item key="EF7AD28D-4D01-C4C6-C550-8548A3F33C16" value="true"/>
</engineerTo>
<referedAttribute>F414A205-DEA2-DCE6-0396-FE18136284F7</referedAttribute>
<useDomainConstraints>false</useDomainConstraints>
<use>1</use>
<logicalDatatype>LOGDT019</logicalDatatype>
<dataTypePrecision>10</dataTypePrecision>
<ownDataTypeParameters>,10,</ownDataTypeParameters>
</Attribute>
<Attribute name="ctDateRequestService" id="82A8162D-2773-BF6C-30BD-A1C108BD2EE9">
<createdBy>andre</createdBy>
<createdTime>2019-06-15 03:32:57 UTC</createdTime>
<ownerDesignName>COMP231 - ERD</ownerDesignName>
<engineerTo>
<item key="EF7AD28D-4D01-C4C6-C550-8548A3F33C16" value="true"/>
</engineerTo>
<nullsAllowed>true</nullsAllowed>
<useDomainConstraints>false</useDomainConstraints>
<use>1</use>
<logicalDatatype>LOGDT008</logicalDatatype>
<ownDataTypeParameters>,,</ownDataTypeParameters>
</Attribute>
<Attribute name="ctHoursRequested" id="C492CB7D-9B04-652D-4702-FE11D9705382">
<createdBy>andre</createdBy>
<createdTime>2019-06-15 03:37:08 UTC</createdTime>
<ownerDesignName>COMP231 - ERD</ownerDesignName>
<engineerTo>
<item key="EF7AD28D-4D01-C4C6-C550-8548A3F33C16" value="true"/>
</engineerTo>
<nullsAllowed>true</nullsAllowed>
<useDomainConstraints>false</useDomainConstraints>
<use>1</use>
<logicalDatatype>LOGDT019</logicalDatatype>
<dataTypePrecision>3</dataTypePrecision>
<ownDataTypeParameters>,3,</ownDataTypeParameters>
</Attribute>
<Attribute name="IdCleaner" directorySegmentName="seg_0" id="6C74307D-62BB-3BAD-323E-5AC5DC92CE09">
<createdBy>andre</createdBy>
<createdTime>2019-06-24 21:35:20 UTC</createdTime>
<generatorID>A03EF9F2-7B0A-7658-31C9-2D50348A7D82</generatorID>
<ownerDesignName>COMP231 - ERD</ownerDesignName>
<engineerTo>
<item key="EF7AD28D-4D01-C4C6-C550-8548A3F33C16" value="true"/>
</engineerTo>
<referedAttribute>940A0538-28FD-AF6B-33E0-DAA193B9EFC6</referedAttribute>
<useDomainConstraints>false</useDomainConstraints>
<use>1</use>
<logicalDatatype>LOGDT019</logicalDatatype>
<dataTypePrecision>10</dataTypePrecision>
<ownDataTypeParameters>,10,</ownDataTypeParameters>
</Attribute>
<Attribute name="ClockIn" id="1B0C5A01-9CEC-BF81-8C91-7D4DFD1A6109">
<createdBy>andre</createdBy>
<createdTime>2019-06-15 03:16:51 UTC</createdTime>
<ownerDesignName>COMP231 - ERD</ownerDesignName>
<engineerTo>
<item key="EF7AD28D-4D01-C4C6-C550-8548A3F33C16" value="true"/>
</engineerTo>
<nullsAllowed>true</nullsAllowed>
<useDomainConstraints>false</useDomainConstraints>
<use>1</use>
<logicalDatatype>LOGDT008</logicalDatatype>
<ownDataTypeParameters>,,</ownDataTypeParameters>
</Attribute>
<Attribute name="ClockOut" id="0BA6C557-02BA-73D1-1F3B-D9E18FA6F68F">
<createdBy>andre</createdBy>
<createdTime>2019-06-15 03:17:10 UTC</createdTime>
<ownerDesignName>COMP231 - ERD</ownerDesignName>
<engineerTo>
<item key="EF7AD28D-4D01-C4C6-C550-8548A3F33C16" value="true"/>
</engineerTo>
<nullsAllowed>true</nullsAllowed>
<useDomainConstraints>false</useDomainConstraints>
<use>1</use>
<logicalDatatype>LOGDT008</logicalDatatype>
<ownDataTypeParameters>,,</ownDataTypeParameters>
</Attribute>
<Attribute name="CleanerRate" id="D7E84F0C-74C1-787A-9803-F6F153650162">
<createdBy>andre</createdBy>
<createdTime>2019-06-24 21:49:41 UTC</createdTime>
<ownerDesignName>COMP231 - ERD</ownerDesignName>
<engineerTo>
<item key="EF7AD28D-4D01-C4C6-C550-8548A3F33C16" value="true"/>
</engineerTo>
<nullsAllowed>true</nullsAllowed>
<useDomainConstraints>false</useDomainConstraints>
<use>1</use>
<logicalDatatype>LOGDT024</logicalDatatype>
<dataTypeSize>10</dataTypeSize>
<ownDataTypeParameters>10,,</ownDataTypeParameters>
</Attribute>
</attributes>
<identifiers itemClass="oracle.dbtools.crest.model.design.logical.CandidateKey">
<identifier id="0B594F91-518E-E093-0CBC-A7EF6D331D4A" name="Appointment_PK">
<createdBy>andre</createdBy>
<createdTime>2019-06-15 03:14:42 UTC</createdTime>
<ownerDesignName>COMP231 - ERD</ownerDesignName>
<engineerTo>
<item key="EF7AD28D-4D01-C4C6-C550-8548A3F33C16" value="true"/>
</engineerTo>
<pk>true</pk>
</identifier>
</identifiers>
</Entity>