<?xml version = '1.0' encoding = 'UTF-8'?>
<Entity class="oracle.dbtools.crest.model.design.logical.Entity" directorySegmentName="seg_0" id="56897946-70FD-8F1A-E862-5F4677A93B2F" name="UserLogin">
<createdBy>andre</createdBy>
<createdTime>2019-06-15 04:23:04 UTC</createdTime>
<generatorID>FA73BDCE-B3A2-1554-7B85-A8618EB30E41</generatorID>
<ownerDesignName>COMP231 - ERD</ownerDesignName>
<engineerTo>
<item key="EF7AD28D-4D01-C4C6-C550-8548A3F33C16" value="true"/>
</engineerTo>
<adequatelyNormalized>NO</adequatelyNormalized>
<expectedVolumes>0</expectedVolumes>
<fwdEngineeringStrategyName>Single Table</fwdEngineeringStrategyName>
<growthPercent>0</growthPercent>
<growthType>Year</growthType>
<maxVolumes>9999999</maxVolumes>
<minVolumes>0</minVolumes>
<normalForm>Third</normalForm>
<attributes itemClass="oracle.dbtools.crest.model.design.logical.Attribute">
<Attribute name="Username" id="DE05F0CE-7BF9-B29E-54D3-66D7C4ADFB36">
<createdBy>andre</createdBy>
<createdTime>2019-06-15 04:23:04 UTC</createdTime>
<generatorID>E5B9D50F-8C3D-143F-75AA-4604F3CB5DC6</generatorID>
<ownerDesignName>COMP231 - ERD</ownerDesignName>
<engineerTo>
<item key="EF7AD28D-4D01-C4C6-C550-8548A3F33C16" value="true"/>
</engineerTo>
<useDomainConstraints>false</useDomainConstraints>
<use>1</use>
<logicalDatatype>LOGDT024</logicalDatatype>
<dataTypeSize>40</dataTypeSize>
<ownDataTypeParameters>40,,</ownDataTypeParameters>
</Attribute>
<Attribute name="PIN" id="27D93E0B-FE43-4003-C6B6-D2A97AD6DDCA">
<createdBy>andre</createdBy>
<createdTime>2019-06-15 04:23:04 UTC</createdTime>
<generatorID>B31EBB62-A2D7-10EB-F2C0-BFAC8BCA1959</generatorID>
<ownerDesignName>COMP231 - ERD</ownerDesignName>
<engineerTo>
<item key="EF7AD28D-4D01-C4C6-C550-8548A3F33C16" value="true"/>
</engineerTo>
<useDomainConstraints>false</useDomainConstraints>
<use>1</use>
<logicalDatatype>LOGDT024</logicalDatatype>
<dataTypeSize>8</dataTypeSize>
<ownDataTypeParameters>8,,</ownDataTypeParameters>
</Attribute>
<Attribute name="role" id="87E63897-5A51-4753-DE81-DD4A8698F405">
<createdBy>andre</createdBy>
<createdTime>2019-06-15 04:23:04 UTC</createdTime>
<generatorID>7BC9FD98-FDD4-EF94-5803-04AF3AD694DA</generatorID>
<ownerDesignName>COMP231 - ERD</ownerDesignName>
<engineerTo>
<item key="EF7AD28D-4D01-C4C6-C550-8548A3F33C16" value="true"/>
</engineerTo>
<useDomainConstraints>false</useDomainConstraints>
<use>1</use>
<logicalDatatype>LOGDT024</logicalDatatype>
<dataTypeSize>15</dataTypeSize>
<listOfValues>
<valueDef value="CLEANER" description=""/>
<valueDef value="CUSTOMER" description=""/>
<valueDef value="MANAGER" description=""/>
</listOfValues>
<ownDataTypeParameters>15,,</ownDataTypeParameters>
</Attribute>
</attributes>
<identifiers itemClass="oracle.dbtools.crest.model.design.logical.CandidateKey">
<identifier id="B61003AD-19D6-9AE7-7D85-ACE05A947EE4" name="UserLogin PK">
<createdBy>andre</createdBy>
<createdTime>2019-06-15 04:23:04 UTC</createdTime>
<generatorID>BC3B2F39-404F-D2E5-8C07-7CC86C65FE8A</generatorID>
<ownerDesignName>COMP231 - ERD</ownerDesignName>
<engineerTo>
<item key="EF7AD28D-4D01-C4C6-C550-8548A3F33C16" value="true"/>
</engineerTo>
<pk>true</pk>
</identifier>
</identifiers>
</Entity>