<?xml version = '1.0' encoding = 'UTF-8'?>
<Entity class="oracle.dbtools.crest.model.design.logical.Entity" directorySegmentName="seg_0" id="5E5D1931-E5CD-5D36-D08B-DDFD4A6D333E" name="Customer">
<createdBy>andre</createdBy>
<createdTime>2019-06-15 02:28:34 UTC</createdTime>
<ownerDesignName>COMP231 - ERD</ownerDesignName>
<engineerTo>
<item key="EF7AD28D-4D01-C4C6-C550-8548A3F33C16" value="true"/>
</engineerTo>
<adequatelyNormalized>NO</adequatelyNormalized>
<expectedVolumes>0</expectedVolumes>
<fwdEngineeringStrategyName>Single Table</fwdEngineeringStrategyName>
<growthPercent>0</growthPercent>
<growthType>Year</growthType>
<maxVolumes>9999999</maxVolumes>
<minVolumes>0</minVolumes>
<normalForm>Third</normalForm>
<attributes itemClass="oracle.dbtools.crest.model.design.logical.Attribute">
<Attribute name="IdCustomer" id="F414A205-DEA2-DCE6-0396-FE18136284F7">
<createdBy>andre</createdBy>
<createdTime>2019-06-15 02:28:49 UTC</createdTime>
<ownerDesignName>COMP231 - ERD</ownerDesignName>
<engineerTo>
<item key="EF7AD28D-4D01-C4C6-C550-8548A3F33C16" value="true"/>
</engineerTo>
<useDomainConstraints>false</useDomainConstraints>
<use>1</use>
<logicalDatatype>LOGDT019</logicalDatatype>
<dataTypePrecision>10</dataTypePrecision>
<ownDataTypeParameters>,10,</ownDataTypeParameters>
</Attribute>
<Attribute name="fCustomerName" id="718F4F03-F0BA-5F03-CF58-8844E86F5717">
<createdBy>andre</createdBy>
<createdTime>2019-06-15 02:29:06 UTC</createdTime>
<ownerDesignName>COMP231 - ERD</ownerDesignName>
<engineerTo>
<item key="EF7AD28D-4D01-C4C6-C550-8548A3F33C16" value="true"/>
</engineerTo>
<useDomainConstraints>false</useDomainConstraints>
<use>1</use>
<logicalDatatype>LOGDT024</logicalDatatype>
<dataTypeSize>50</dataTypeSize>
<ownDataTypeParameters>50,,</ownDataTypeParameters>
</Attribute>
<Attribute name="mCustomerName" id="C799ACE3-E9B8-C149-EB1F-6EB8949E55E1">
<createdBy>andre</createdBy>
<createdTime>2019-06-15 02:29:43 UTC</createdTime>
<ownerDesignName>COMP231 - ERD</ownerDesignName>
<engineerTo>
<item key="EF7AD28D-4D01-C4C6-C550-8548A3F33C16" value="true"/>
</engineerTo>
<nullsAllowed>true</nullsAllowed>
<useDomainConstraints>false</useDomainConstraints>
<use>1</use>
<logicalDatatype>LOGDT024</logicalDatatype>
<dataTypeSize>50</dataTypeSize>
<ownDataTypeParameters>50,,</ownDataTypeParameters>
</Attribute>
<Attribute name="lCustomerName" id="F4269951-0480-348A-7519-A1D297C71125">
<createdBy>andre</createdBy>
<createdTime>2019-06-15 02:30:17 UTC</createdTime>
<ownerDesignName>COMP231 - ERD</ownerDesignName>
<engineerTo>
<item key="EF7AD28D-4D01-C4C6-C550-8548A3F33C16" value="true"/>
</engineerTo>
<useDomainConstraints>false</useDomainConstraints>
<use>1</use>
<logicalDatatype>LOGDT024</logicalDatatype>
<dataTypeSize>50</dataTypeSize>
<ownDataTypeParameters>50,,</ownDataTypeParameters>
</Attribute>
<Attribute name="ctPhone1" id="80937F3E-87AA-1E3D-25A7-7A1D54D96362">
<createdBy>andre</createdBy>
<createdTime>2019-06-15 02:33:43 UTC</createdTime>
<ownerDesignName>COMP231 - ERD</ownerDesignName>
<engineerTo>
<item key="EF7AD28D-4D01-C4C6-C550-8548A3F33C16" value="true"/>
</engineerTo>
<nullsAllowed>true</nullsAllowed>
<useDomainConstraints>false</useDomainConstraints>
<use>1</use>
<logicalDatatype>LOGDT024</logicalDatatype>
<dataTypeSize>14</dataTypeSize>
<ownDataTypeParameters>14,,</ownDataTypeParameters>
</Attribute>
<Attribute name="ctPhone2" id="FCD482E9-5B7D-C238-23E6-244C2C1E4555">
<createdBy>andre</createdBy>
<createdTime>2019-06-15 02:33:59 UTC</createdTime>
<ownerDesignName>COMP231 - ERD</ownerDesignName>
<engineerTo>
<item key="EF7AD28D-4D01-C4C6-C550-8548A3F33C16" value="true"/>
</engineerTo>
<nullsAllowed>true</nullsAllowed>
<useDomainConstraints>false</useDomainConstraints>
<use>1</use>
<logicalDatatype>LOGDT024</logicalDatatype>
<dataTypeSize>14</dataTypeSize>
<ownDataTypeParameters>14,,</ownDataTypeParameters>
</Attribute>
<Attribute name="ctEmail" id="F4E9CABA-374B-C648-7E1B-B1FCE11C221A">
<createdBy>andre</createdBy>
<createdTime>2019-06-15 02:34:22 UTC</createdTime>
<ownerDesignName>COMP231 - ERD</ownerDesignName>
<engineerTo>
<item key="EF7AD28D-4D01-C4C6-C550-8548A3F33C16" value="true"/>
</engineerTo>
<nullsAllowed>true</nullsAllowed>
<useDomainConstraints>false</useDomainConstraints>
<use>1</use>
<logicalDatatype>LOGDT024</logicalDatatype>
<dataTypeSize>40</dataTypeSize>
<ownDataTypeParameters>40,,</ownDataTypeParameters>
</Attribute>
<Attribute name="Username" directorySegmentName="seg_0" id="D2521DE2-0BBD-2EDD-7781-A005D4AC9BFE">
<createdBy>andre</createdBy>
<createdTime>2019-06-24 21:30:04 UTC</createdTime>
<generatorID>EBE0F661-C4ED-F369-76A1-CCCEA0797950</generatorID>
<ownerDesignName>COMP231 - ERD</ownerDesignName>
<engineerTo>
<item key="EF7AD28D-4D01-C4C6-C550-8548A3F33C16" value="true"/>
</engineerTo>
<referedAttribute>DE05F0CE-7BF9-B29E-54D3-66D7C4ADFB36</referedAttribute>
<useDomainConstraints>false</useDomainConstraints>
<use>1</use>
<logicalDatatype>LOGDT024</logicalDatatype>
<dataTypeSize>40</dataTypeSize>
<ownDataTypeParameters>40,,</ownDataTypeParameters>
</Attribute>
</attributes>
<identifiers itemClass="oracle.dbtools.crest.model.design.logical.CandidateKey">
<identifier id="19486C9B-BA3D-1E08-EC88-95BEFB3B0CE2" name="Customer_PK">
<createdBy>andre</createdBy>
<createdTime>2019-06-15 02:29:01 UTC</createdTime>
<ownerDesignName>COMP231 - ERD</ownerDesignName>
<engineerTo>
<item key="EF7AD28D-4D01-C4C6-C550-8548A3F33C16" value="true"/>
</engineerTo>
<pk>true</pk>
</identifier>
</identifiers>
</Entity>