<?xml version = '1.0' encoding = 'UTF-8'?>
<Entity class="oracle.dbtools.crest.model.design.logical.Entity" directorySegmentName="seg_0" id="73DE0839-C6DF-4727-DC4B-9F45BAE8CE05" name="ServicePrice">
<createdBy>andre</createdBy>
<createdTime>2019-06-15 02:38:21 UTC</createdTime>
<ownerDesignName>COMP231 - ERD</ownerDesignName>
<engineerTo>
<item key="EF7AD28D-4D01-C4C6-C550-8548A3F33C16" value="true"/>
</engineerTo>
<adequatelyNormalized>NO</adequatelyNormalized>
<expectedVolumes>0</expectedVolumes>
<fwdEngineeringStrategyName>Single Table</fwdEngineeringStrategyName>
<growthPercent>0</growthPercent>
<growthType>Year</growthType>
<maxVolumes>9999999</maxVolumes>
<minVolumes>0</minVolumes>
<normalForm>Third</normalForm>
<attributes itemClass="oracle.dbtools.crest.model.design.logical.Attribute">
<Attribute name="IdServicePrice" id="08D2F1F7-D7F1-CB50-CE20-4C2C2A6333EF">
<createdBy>andre</createdBy>
<createdTime>2019-06-15 02:40:07 UTC</createdTime>
<ownerDesignName>COMP231 - ERD</ownerDesignName>
<engineerTo>
<item key="EF7AD28D-4D01-C4C6-C550-8548A3F33C16" value="true"/>
</engineerTo>
<useDomainConstraints>false</useDomainConstraints>
<use>1</use>
<logicalDatatype>LOGDT019</logicalDatatype>
<dataTypePrecision>10</dataTypePrecision>
<ownDataTypeParameters>,10,</ownDataTypeParameters>
</Attribute>
<Attribute name="ctAmountHour" id="47402D0A-1F48-EC4B-B98D-597E91C872AB">
<createdBy>andre</createdBy>
<createdTime>2019-06-15 03:02:19 UTC</createdTime>
<ownerDesignName>COMP231 - ERD</ownerDesignName>
<engineerTo>
<item key="EF7AD28D-4D01-C4C6-C550-8548A3F33C16" value="true"/>
</engineerTo>
<useDomainConstraints>false</useDomainConstraints>
<use>1</use>
<logicalDatatype>LOGDT019</logicalDatatype>
<dataTypePrecision>8</dataTypePrecision>
<dataTypeScale>2</dataTypeScale>
<ownDataTypeParameters>,8,2</ownDataTypeParameters>
</Attribute>
<Attribute name="clAmountHour" id="A088AC00-FEB2-C871-DD11-89DD003623EF">
<createdBy>andre</createdBy>
<createdTime>2019-06-15 03:02:48 UTC</createdTime>
<ownerDesignName>COMP231 - ERD</ownerDesignName>
<engineerTo>
<item key="EF7AD28D-4D01-C4C6-C550-8548A3F33C16" value="true"/>
</engineerTo>
<useDomainConstraints>false</useDomainConstraints>
<use>1</use>
<logicalDatatype>LOGDT019</logicalDatatype>
<dataTypePrecision>8</dataTypePrecision>
<dataTypeScale>2</dataTypeScale>
<ownDataTypeParameters>,8,2</ownDataTypeParameters>
</Attribute>
<Attribute name="ServicePriceStatus" id="DE9B9EE0-AD08-4CF4-2206-4B596BD4D073">
<createdBy>andre</createdBy>
<createdTime>2019-06-24 16:11:26 UTC</createdTime>
<ownerDesignName>COMP231 - ERD</ownerDesignName>
<engineerTo>
<item key="EF7AD28D-4D01-C4C6-C550-8548A3F33C16" value="true"/>
</engineerTo>
<useDomainConstraints>false</useDomainConstraints>
<use>1</use>
<logicalDatatype>LOGDT025</logicalDatatype>
<dataTypeSize>1 CHAR</dataTypeSize>
<ownDataTypeParameters>1 CHAR,,</ownDataTypeParameters>
</Attribute>
</attributes>
<identifiers itemClass="oracle.dbtools.crest.model.design.logical.CandidateKey">
<identifier id="D8B1797B-4384-21C1-58DA-7EF65573D6B0" name="ServicePrice_PK">
<createdBy>andre</createdBy>
<createdTime>2019-06-15 02:40:19 UTC</createdTime>
<ownerDesignName>COMP231 - ERD</ownerDesignName>
<engineerTo>
<item key="EF7AD28D-4D01-C4C6-C550-8548A3F33C16" value="true"/>
</engineerTo>
<pk>true</pk>
</identifier>
</identifiers>
</Entity>