<?xml version = '1.0' encoding = 'UTF-8'?>
<Diagram class="oracle.dbtools.crest.swingui.relational.DPVRelational" name="Relational_1" id="DDBDF104-23CD-10B7-B616-ED91D560D777">
<createdBy>andre</createdBy>
<modifiedBy>andre</modifiedBy>
<createdTime>2019-06-24 21:56:05 UTC</createdTime>
<autoRoute>false</autoRoute>
<boxInbox>true</boxInbox>
<showLegend>false</showLegend>
<showLabels>false</showLabels>
<showRelAttributes>false</showRelAttributes>
<gridEnabled>false</gridEnabled>
<showGrid>false</showGrid>
<diagramColor>-1</diagramColor>
<display>false</display>
<notation>1</notation>
<objectViews>
<OView class="oracle.dbtools.crest.swingui.relational.TVTable" oid="20F42387-5102-8C45-46F9-6459C388B19E" otype="Table" vid="553630F7-9994-4958-D123-74190BEBD499">
<hideElementsInCurrentOnly>false</hideElementsInCurrentOnly>
<bounds x="949" y="291" width="298" height="312"/>
</OView>
<OView class="oracle.dbtools.crest.swingui.relational.TVTable" oid="26044110-4D64-4B26-9A9C-4A8BA78627C6" otype="Table" vid="F48503C9-60FF-E5EE-BF9D-70F83F89C059">
<hideElementsInCurrentOnly>false</hideElementsInCurrentOnly>
<bounds x="947" y="50" width="295" height="158"/>
</OView>
<OView class="oracle.dbtools.crest.swingui.relational.TVTable" oid="5974F429-2755-C1F8-818D-20B953CD636D" otype="Table" vid="0D66B997-BE1F-86F9-A552-65A0C91EA03B">
<hideElementsInCurrentOnly>false</hideElementsInCurrentOnly>
<bounds x="956" y="677" width="293" height="183"/>
</OView>
<OView class="oracle.dbtools.crest.swingui.relational.TVTable" oid="7716F4C0-0FB7-0CBF-511F-3D0810BE1C09" otype="Table" vid="AEEFB21E-D7D1-ACD2-DE2E-7F7C5ACDD82C">
<hideElementsInCurrentOnly>false</hideElementsInCurrentOnly>
<bounds x="607" y="449" width="265" height="293"/>
</OView>
<OView class="oracle.dbtools.crest.swingui.relational.TVTable" oid="7E7B3EED-8FB9-32C7-2A8F-342EB6A7BFA7" otype="Table" vid="49EFA666-8CDD-7D19-B5B1-16A7CAB8BF42">
<hideElementsInCurrentOnly>false</hideElementsInCurrentOnly>
<bounds x="95" y="717" width="270" height="223"/>
</OView>
<OView class="oracle.dbtools.crest.swingui.relational.TVTable" oid="A93F4DE5-ACAC-A2E4-FE63-280D45953750" otype="Table" vid="0995FFC5-4F61-533F-0589-F5E4A231868C">
<hideElementsInCurrentOnly>false</hideElementsInCurrentOnly>
<bounds x="25" y="116" width="186" height="121"/>
</OView>
<OView class="oracle.dbtools.crest.swingui.relational.TVTable" oid="B4BACEAD-7186-1491-6200-E17215B62F77" otype="Table" vid="1AC417AE-0EF5-2C0E-947B-4B7D1DD120C3">
<hideElementsInCurrentOnly>false</hideElementsInCurrentOnly>
<bounds x="561" y="4" width="267" height="273"/>
</OView>
<OView class="oracle.dbtools.crest.swingui.relational.TVTable" oid="D8D8A2DE-CEAF-E34A-03A4-787BAF97E7F7" otype="Table" vid="32796D06-F0A2-439B-72DD-D4BD3786E2C1">
<hideElementsInCurrentOnly>false</hideElementsInCurrentOnly>
<bounds x="196" y="503" width="291" height="151"/>
</OView>
<OView class="oracle.dbtools.crest.swingui.relational.TVTable" oid="E3AF043C-9609-D92B-2DE3-A7FB5B6E5718" otype="Table" vid="65C8FBE0-3996-AE63-5CF1-BF68D1A3F683">
<hideElementsInCurrentOnly>false</hideElementsInCurrentOnly>
<bounds x="286" y="350" width="216" height="127"/>
</OView>
</objectViews>
<connectors>
<Connector class="oracle.dbtools.crest.swingui.relational.TVFKRelation" oid="001A506B-EBA9-B835-8945-8D90E25A74BF" otype="FKIndexAssociation" vid_source="0995FFC5-4F61-533F-0589-F5E4A231868C" vid_target="49EFA666-8CDD-7D19-B5B1-16A7CAB8BF42">
<hideElementsInCurrentOnly>false</hideElementsInCurrentOnly>
<backgroundColor>-16777216</backgroundColor>
<lineWidth>1</lineWidth>
<points>
<point x="153" y="237"/>
<point x="153" y="717"/>
</points>
</Connector>
<Connector class="oracle.dbtools.crest.swingui.relational.TVFKRelation" oid="187878FC-630C-A19B-EEBB-DA2610F67744" otype="FKIndexAssociation" vid_source="AEEFB21E-D7D1-ACD2-DE2E-7F7C5ACDD82C" vid_target="32796D06-F0A2-439B-72DD-D4BD3786E2C1">
<hideElementsInCurrentOnly>false</hideElementsInCurrentOnly>
<backgroundColor>-16777216</backgroundColor>
<lineWidth>1</lineWidth>
<points>
<point x="607" y="593"/>
<point x="487" y="593"/>
</points>
</Connector>
<Connector class="oracle.dbtools.crest.swingui.relational.TVFKRelation" oid="272EF14A-4AC9-E8E5-DE8F-8D27A64FACA6" otype="FKIndexAssociation" vid_source="0995FFC5-4F61-533F-0589-F5E4A231868C" vid_target="1AC417AE-0EF5-2C0E-947B-4B7D1DD120C3">
<hideElementsInCurrentOnly>false</hideElementsInCurrentOnly>
<backgroundColor>-16777216</backgroundColor>
<lineWidth>1</lineWidth>
<points>
<point x="211" y="176"/>
<point x="561" y="176"/>
</points>
</Connector>
<Connector class="oracle.dbtools.crest.swingui.relational.TVFKRelation" oid="68059606-CA2B-45C2-08A4-0C294CFFF468" otype="FKIndexAssociation" vid_source="65C8FBE0-3996-AE63-5CF1-BF68D1A3F683" vid_target="AEEFB21E-D7D1-ACD2-DE2E-7F7C5ACDD82C">
<hideElementsInCurrentOnly>false</hideElementsInCurrentOnly>
<backgroundColor>-16777216</backgroundColor>
<lineWidth>1</lineWidth>
<points>
<point x="502" y="463"/>
<point x="607" y="463"/>
</points>
</Connector>
<Connector class="oracle.dbtools.crest.swingui.relational.TVFKRelation" oid="75AE9AC1-DA2F-C1CB-4CCD-58B89656ECFE" otype="FKIndexAssociation" vid_source="49EFA666-8CDD-7D19-B5B1-16A7CAB8BF42" vid_target="0D66B997-BE1F-86F9-A552-65A0C91EA03B">
<hideElementsInCurrentOnly>false</hideElementsInCurrentOnly>
<backgroundColor>-16777216</backgroundColor>
<lineWidth>1</lineWidth>
<points>
<point x="365" y="788"/>
<point x="956" y="788"/>
</points>
</Connector>
<Connector class="oracle.dbtools.crest.swingui.relational.TVFKRelation" oid="89320356-033B-09F8-2997-C9AF14FE1788" otype="FKIndexAssociation" vid_source="1AC417AE-0EF5-2C0E-947B-4B7D1DD120C3" vid_target="AEEFB21E-D7D1-ACD2-DE2E-7F7C5ACDD82C">
<hideElementsInCurrentOnly>false</hideElementsInCurrentOnly>
<backgroundColor>-16777216</backgroundColor>
<lineWidth>1</lineWidth>
<points>
<point x="717" y="277"/>
<point x="717" y="449"/>
</points>
</Connector>
<Connector class="oracle.dbtools.crest.swingui.relational.TVFKRelation" oid="956195CD-841E-A162-611D-6B9C0FB27EBA" otype="FKIndexAssociation" vid_source="1AC417AE-0EF5-2C0E-947B-4B7D1DD120C3" vid_target="F48503C9-60FF-E5EE-BF9D-70F83F89C059">
<hideElementsInCurrentOnly>false</hideElementsInCurrentOnly>
<backgroundColor>-16777216</backgroundColor>
<lineWidth>1</lineWidth>
<points>
<point x="828" y="129"/>
<point x="947" y="129"/>
</points>
</Connector>
<Connector class="oracle.dbtools.crest.swingui.relational.TVFKRelation" oid="B1A9D973-F778-CEF9-16EB-3D64979E5483" otype="FKIndexAssociation" vid_source="AEEFB21E-D7D1-ACD2-DE2E-7F7C5ACDD82C" vid_target="553630F7-9994-4958-D123-74190BEBD499">
<hideElementsInCurrentOnly>false</hideElementsInCurrentOnly>
<backgroundColor>-16777216</backgroundColor>
<lineWidth>1</lineWidth>
<points>
<point x="872" y="526"/>
<point x="949" y="526"/>
</points>
</Connector>
<Connector class="oracle.dbtools.crest.swingui.relational.TVFKRelation" oid="F0C71638-8F54-7E46-A155-FCE2C96DF11B" otype="FKIndexAssociation" vid_source="49EFA666-8CDD-7D19-B5B1-16A7CAB8BF42" vid_target="AEEFB21E-D7D1-ACD2-DE2E-7F7C5ACDD82C">
<hideElementsInCurrentOnly>false</hideElementsInCurrentOnly>
<backgroundColor>-16777216</backgroundColor>
<lineWidth>1</lineWidth>
<points>
<point x="365" y="729"/>
<point x="607" y="729"/>
</points>
</Connector>
</connectors>
</Diagram>