<?xml version = '1.0' encoding = 'UTF-8'?>
<Diagram class="oracle.dbtools.crest.swingui.relational.DPVRelationalSubView" name="From_LM_Logical - SubView_1" id="E3B4C91A-29D1-3488-5D9B-A390C01CF09D">
<createdBy>andre</createdBy>
<modifiedBy>andre</modifiedBy>
<createdTime>2019-06-24 21:56:11 UTC</createdTime>
<autoRoute>false</autoRoute>
<boxInbox>true</boxInbox>
<showLegend>false</showLegend>
<showLabels>false</showLabels>
<showRelAttributes>false</showRelAttributes>
<gridEnabled>false</gridEnabled>
<showGrid>false</showGrid>
<diagramColor>-1</diagramColor>
<display>false</display>
<generatorId>1F26E8C1-E3C0-54A9-2EAC-67D1B2D020EC</generatorId>
<notation>1</notation>
<objectViews>
<OView class="oracle.dbtools.crest.swingui.relational.TVTable" oid="B4BACEAD-7186-1491-6200-E17215B62F77" otype="Table" vid="75059EBB-FAC8-8A9B-21F8-6686AD914AD8">
<hideElementsInCurrentOnly>false</hideElementsInCurrentOnly>
<bounds x="15" y="71" width="242" height="116"/>
<generatorID>4990F338-AE5D-6237-CA9E-4BA260A6D28D</generatorID>
</OView>
</objectViews>
</Diagram>