<?xml version = '1.0' encoding = 'UTF-8'?>
<Diagram class="oracle.dbtools.crest.swingui.logical.DPVLogicalSubView" name="Logical - SubView_1" id="1F26E8C1-E3C0-54A9-2EAC-67D1B2D020EC">
<createdBy>andre</createdBy>
<modifiedBy>andre</modifiedBy>
<createdTime>2019-06-15 02:13:24 UTC</createdTime>
<autoRoute>false</autoRoute>
<boxInbox>true</boxInbox>
<showLegend>false</showLegend>
<showLabels>false</showLabels>
<showRelAttributes>false</showRelAttributes>
<gridEnabled>false</gridEnabled>
<showGrid>false</showGrid>
<diagramColor>-1</diagramColor>
<display>false</display>
<notation>1</notation>
<objectViews>
<OView class="oracle.dbtools.crest.swingui.logical.TVEntity" oid="113F404F-BC5C-A86C-0D10-C14A48B90287" otype="Entity" vid="4990F338-AE5D-6237-CA9E-4BA260A6D28D">
<hideElementsInCurrentOnly>false</hideElementsInCurrentOnly>
<bounds x="15" y="71" width="242" height="116"/>
</OView>
</objectViews>
</Diagram>