<?xml version = '1.0' encoding = 'UTF-8'?>
<Diagram class="oracle.dbtools.crest.swingui.logical.DPVLogical" name="Logical" id="76685CBD-5E42-DEC4-AF7F-ECCD635358F1">
<createdBy>andre</createdBy>
<modifiedBy>andre</modifiedBy>
<createdTime>2019-06-15 02:00:21 UTC</createdTime>
<autoRoute>false</autoRoute>
<boxInbox>true</boxInbox>
<showLegend>false</showLegend>
<showLabels>false</showLabels>
<showRelAttributes>false</showRelAttributes>
<gridEnabled>false</gridEnabled>
<showGrid>false</showGrid>
<diagramColor>-1</diagramColor>
<display>false</display>
<notation>1</notation>
<objectViews>
<OView class="oracle.dbtools.crest.swingui.logical.TVEntity" oid="113F404F-BC5C-A86C-0D10-C14A48B90287" otype="Entity" vid="B0F98192-7116-05C8-8F7F-22C3F118EC7E">
<hideElementsInCurrentOnly>false</hideElementsInCurrentOnly>
<bounds x="561" y="4" width="267" height="273"/>
</OView>
<OView class="oracle.dbtools.crest.swingui.logical.TVEntity" oid="23346427-06AB-B7EA-E2E1-A69E6274D8CD" otype="Entity" vid="E3679E33-2344-5C03-3049-56852524E782">
<hideElementsInCurrentOnly>false</hideElementsInCurrentOnly>
<bounds x="947" y="50" width="295" height="158"/>
</OView>
<OView class="oracle.dbtools.crest.swingui.logical.TVEntity" oid="26AD7025-D5C1-695D-4D63-45E6DAC7555A" otype="Entity" vid="72E899F4-9855-1099-AF1E-50DE5653D01F">
<hideElementsInCurrentOnly>false</hideElementsInCurrentOnly>
<bounds x="956" y="677" width="293" height="183"/>
</OView>
<OView class="oracle.dbtools.crest.swingui.logical.TVEntity" oid="26E926C6-685D-AE04-EF4F-01BAFED5C017" otype="Entity" vid="073A4F1A-544A-8CC6-3B61-9BD9492B36B8">
<hideElementsInCurrentOnly>false</hideElementsInCurrentOnly>
<bounds x="949" y="291" width="298" height="312"/>
</OView>
<OView class="oracle.dbtools.crest.swingui.logical.TVEntity" oid="416895A0-5EA3-9E5F-574D-13AF1BD2B982" otype="Entity" vid="409A09A7-1801-957F-E0C7-92CE489D5A33">
<hideElementsInCurrentOnly>false</hideElementsInCurrentOnly>
<bounds x="559" y="318" width="265" height="293"/>
</OView>
<OView class="oracle.dbtools.crest.swingui.logical.TVEntity" oid="56897946-70FD-8F1A-E862-5F4677A93B2F" otype="Entity" vid="CE51676C-E097-FF59-12AA-2C76EA7ED97B">
<hideElementsInCurrentOnly>false</hideElementsInCurrentOnly>
<bounds x="66" y="353" width="186" height="121"/>
</OView>
<OView class="oracle.dbtools.crest.swingui.logical.TVEntity" oid="5E5D1931-E5CD-5D36-D08B-DDFD4A6D333E" otype="Entity" vid="C23BA08B-D031-2D55-1D69-C8F1E56A6F20">
<hideElementsInCurrentOnly>false</hideElementsInCurrentOnly>
<bounds x="560" y="647" width="270" height="223"/>
</OView>
<OView class="oracle.dbtools.crest.swingui.logical.TVEntity" oid="73DE0839-C6DF-4727-DC4B-9F45BAE8CE05" otype="Entity" vid="D3B13BE8-889A-AA8B-3BA8-F79CC5EA55B3">
<hideElementsInCurrentOnly>false</hideElementsInCurrentOnly>
<bounds x="306" y="350" width="197" height="127"/>
</OView>
<OView class="oracle.dbtools.crest.swingui.logical.TVEntity" oid="7ED95CCA-62D7-25A1-97A7-C90E096CEED8" otype="Entity" vid="A6A812FB-CD5C-444C-A6BC-82292DBC5828">
<hideElementsInCurrentOnly>false</hideElementsInCurrentOnly>
<bounds x="59" y="657" width="232" height="151"/>
</OView>
</objectViews>
<connectors>
<Connector class="oracle.dbtools.crest.swingui.logical.TVRelation" oid="1D93C49B-F818-580D-3A9E-56B90161E12F" otype="Relation" vid_source="C23BA08B-D031-2D55-1D69-C8F1E56A6F20" vid_target="409A09A7-1801-957F-E0C7-92CE489D5A33">
<hideElementsInCurrentOnly>false</hideElementsInCurrentOnly>
<backgroundColor>-16777216</backgroundColor>
<lineWidth>1</lineWidth>
<points>
<point x="691" y="647"/>
<point x="690" y="611"/>
</points>
</Connector>
<Connector class="oracle.dbtools.crest.swingui.logical.TVRelation" oid="32DE695B-ABE1-304B-AD4F-42DE89E53F24" otype="Relation" vid_source="B0F98192-7116-05C8-8F7F-22C3F118EC7E" vid_target="E3679E33-2344-5C03-3049-56852524E782">
<hideElementsInCurrentOnly>false</hideElementsInCurrentOnly>
<backgroundColor>-16777216</backgroundColor>
<lineWidth>1</lineWidth>
<points>
<point x="828" y="129"/>
<point x="947" y="129"/>
</points>
</Connector>
<Connector class="oracle.dbtools.crest.swingui.logical.TVRelation" oid="4FAB083E-ED8B-13BD-9632-07426ADA08C8" otype="Relation" vid_source="409A09A7-1801-957F-E0C7-92CE489D5A33" vid_target="073A4F1A-544A-8CC6-3B61-9BD9492B36B8">
<hideElementsInCurrentOnly>false</hideElementsInCurrentOnly>
<backgroundColor>-16777216</backgroundColor>
<lineWidth>1</lineWidth>
<points>
<point x="824" y="430"/>
<point x="949" y="430"/>
</points>
</Connector>
<Connector class="oracle.dbtools.crest.swingui.logical.TVRelation" oid="A03EF9F2-7B0A-7658-31C9-2D50348A7D82" otype="Relation" vid_source="B0F98192-7116-05C8-8F7F-22C3F118EC7E" vid_target="409A09A7-1801-957F-E0C7-92CE489D5A33">
<hideElementsInCurrentOnly>false</hideElementsInCurrentOnly>
<backgroundColor>-16777216</backgroundColor>
<lineWidth>1</lineWidth>
<points>
<point x="691" y="277"/>
<point x="690" y="318"/>
</points>
</Connector>
<Connector class="oracle.dbtools.crest.swingui.logical.TVRelation" oid="C6B4F293-F904-C433-6B92-CA99D2C85CEC" otype="Relation" vid_source="D3B13BE8-889A-AA8B-3BA8-F79CC5EA55B3" vid_target="409A09A7-1801-957F-E0C7-92CE489D5A33">
<hideElementsInCurrentOnly>false</hideElementsInCurrentOnly>
<backgroundColor>-16777216</backgroundColor>
<lineWidth>1</lineWidth>
<points>
<point x="503" y="383"/>
<point x="559" y="383"/>
</points>
</Connector>
<Connector class="oracle.dbtools.crest.swingui.logical.TVRelation" oid="CA899CA9-B824-2EAA-F7FF-6844DFB786DE" otype="Relation" vid_source="C23BA08B-D031-2D55-1D69-C8F1E56A6F20" vid_target="A6A812FB-CD5C-444C-A6BC-82292DBC5828">
<hideElementsInCurrentOnly>false</hideElementsInCurrentOnly>
<backgroundColor>-16777216</backgroundColor>
<lineWidth>1</lineWidth>
<points>
<point x="560" y="732"/>
<point x="291" y="732"/>
</points>
</Connector>
<Connector class="oracle.dbtools.crest.swingui.logical.TVRelation" oid="DE1CD913-71B7-3EBD-B61A-7EDBC7CE6B28" otype="Relation" vid_source="C23BA08B-D031-2D55-1D69-C8F1E56A6F20" vid_target="72E899F4-9855-1099-AF1E-50DE5653D01F">
<hideElementsInCurrentOnly>false</hideElementsInCurrentOnly>
<backgroundColor>-16777216</backgroundColor>
<lineWidth>1</lineWidth>
<points>
<point x="830" y="747"/>
<point x="956" y="746"/>
</points>
</Connector>
<Connector class="oracle.dbtools.crest.swingui.logical.TVRelation" oid="EBE0F661-C4ED-F369-76A1-CCCEA0797950" otype="Relation" vid_source="CE51676C-E097-FF59-12AA-2C76EA7ED97B" vid_target="C23BA08B-D031-2D55-1D69-C8F1E56A6F20">
<hideElementsInCurrentOnly>false</hideElementsInCurrentOnly>
<backgroundColor>-16777216</backgroundColor>
<lineWidth>1</lineWidth>
<points>
<point x="252" y="473"/>
<point x="566" y="647"/>
</points>
</Connector>
<Connector class="oracle.dbtools.crest.swingui.logical.TVRelation" oid="F5658C8E-F954-918E-3F7C-899F4D783EC6" otype="Relation" vid_source="CE51676C-E097-FF59-12AA-2C76EA7ED97B" vid_target="B0F98192-7116-05C8-8F7F-22C3F118EC7E">
<hideElementsInCurrentOnly>false</hideElementsInCurrentOnly>
<backgroundColor>-16777216</backgroundColor>
<lineWidth>1</lineWidth>
<points>
<point x="252" y="366"/>
<point x="561" y="133"/>
</points>
</Connector>
</connectors>
</Diagram>