<?xml version = '1.0' encoding = 'UTF-8'?>
<relationalModel class="oracle.dbtools.crest.model.design.relational.RelationalDesign" name="Relational_1" id="EF7AD28D-4D01-C4C6-C550-8548A3F33C16" mainViewID="DDBDF104-23CD-10B7-B616-ED91D560D777">
<createdBy>andre</createdBy>
<createdTime>2019-06-24 21:56:05 UTC</createdTime>
<ownerDesignName>CleanGuru_ERD.sql</ownerDesignName>
<shouldBeOpen>true</shouldBeOpen>
<selectedRDBMSSite>32076570-2523-435C-2E92-BF29817DFF70</selectedRDBMSSite>
</relationalModel>