<?xml version = '1.0' encoding = 'UTF-8'?>
<Table class="oracle.dbtools.crest.model.design.relational.Table" directorySegmentName="seg_0" id="26044110-4D64-4B26-9A9C-4A8BA78627C6" name="ScheduleCleaner">
<createdBy>andre</createdBy>
<createdTime>2019-06-26 13:48:45 UTC</createdTime>
<generatorID>23346427-06AB-B7EA-E2E1-A69E6274D8CD</generatorID>
<ownerDesignName>COMP231 - ERD</ownerDesignName>
<allowColumnReorder>false</allowColumnReorder>
<existDependencyGenerateInDDl>true</existDependencyGenerateInDDl>
<parsed>true</parsed>
<columns itemClass="oracle.dbtools.crest.model.design.relational.Column">
<Column name="IdScheduleCleaner" id="74EDE14E-8401-CC2E-90F3-AB3CAD4F715C">
<createdBy>andre</createdBy>
<createdTime>2019-06-26 13:48:45 UTC</createdTime>
<generatorID>F1C1518D-11DC-C900-EDED-DFEE35027320</generatorID>
<ownerDesignName>COMP231 - ERD</ownerDesignName>
<useDomainConstraints>false</useDomainConstraints>
<use>1</use>
<logicalDatatype>LOGDT011</logicalDatatype>
<ownDataTypeParameters>,,</ownDataTypeParameters>
<autoIncrementColumn>true</autoIncrementColumn>
<identityColumn>true</identityColumn>
<autoIncrementCycle>false</autoIncrementCycle>
</Column>
<Column name="DayWeek" id="B338E885-2F06-2B39-67ED-8469E8AFFE2B">
<createdBy>andre</createdBy>
<createdTime>2019-06-26 13:48:45 UTC</createdTime>
<generatorID>FA8C0C9E-2519-C1C8-282B-DB3147177AFC</generatorID>
<ownerDesignName>COMP231 - ERD</ownerDesignName>
<useDomainConstraints>false</useDomainConstraints>
<use>1</use>
<logicalDatatype>LOGDT024</logicalDatatype>
<dataTypeSize>10</dataTypeSize>
<ownDataTypeParameters>10,,</ownDataTypeParameters>
<autoIncrementCycle>false</autoIncrementCycle>
</Column>
<Column name="InitialTime" id="239E6AE9-CF3C-01AB-7E22-AA4C78EAC00A">
<createdBy>andre</createdBy>
<createdTime>2019-06-26 13:48:45 UTC</createdTime>
<generatorID>D594E63B-6320-42C2-7913-F161C43E639B</generatorID>
<ownerDesignName>COMP231 - ERD</ownerDesignName>
<useDomainConstraints>false</useDomainConstraints>
<use>1</use>
<logicalDatatype>LOGDT014</logicalDatatype>
<ownDataTypeParameters>,,</ownDataTypeParameters>
<autoIncrementCycle>false</autoIncrementCycle>
</Column>
<Column name="FinishTime" id="75A5EA51-BA1B-DB0E-8BCA-AE3648924D9A">
<createdBy>andre</createdBy>
<createdTime>2019-06-26 13:48:45 UTC</createdTime>
<generatorID>51E71F22-92CE-A841-0656-6D6B37B5B027</generatorID>
<ownerDesignName>COMP231 - ERD</ownerDesignName>
<useDomainConstraints>false</useDomainConstraints>
<use>1</use>
<logicalDatatype>LOGDT014</logicalDatatype>
<ownDataTypeParameters>,,</ownDataTypeParameters>
<autoIncrementCycle>false</autoIncrementCycle>
</Column>
<Column name="IdCleaner" id="6B7C998E-16AA-06EA-49C0-C2AAAC4A2650">
<createdBy>andre</createdBy>
<createdTime>2019-06-26 13:48:45 UTC</createdTime>
<generatorID>95939DCC-B5E3-2428-781C-90D60A3C554F</generatorID>
<ownerDesignName>COMP231 - ERD</ownerDesignName>
<useDomainConstraints>false</useDomainConstraints>
<use>1</use>
<logicalDatatype>LOGDT011</logicalDatatype>
<dataTypePrecision>10</dataTypePrecision>
<ownDataTypeParameters>,10,</ownDataTypeParameters>
<previousColumn>false</previousColumn>
<autoIncrementCycle>false</autoIncrementCycle>
<associations>
<colAssociation fkAssociation="956195CD-841E-A162-611D-6B9C0FB27EBA" referredColumn="AA1D256B-99D1-5D78-D3E6-7808A669C451"/>
</associations>
</Column>
</columns>
<indexes itemClass="oracle.dbtools.crest.model.design.relational.Index">
<ind_PK_UK id="92B9463E-2E0D-3D5C-2195-0A9B9E7B391E" name="ScheduleCleaner_PK">
<createdBy>andre</createdBy>
<createdTime>2019-06-26 13:48:45 UTC</createdTime>
<generatorID>9301959B-E1E2-0F08-85D4-B804598B4F6B</generatorID>
<ownerDesignName>COMP231 - ERD</ownerDesignName>
<pk>true</pk>
<indexState>Primary Constraint</indexState>
<isSurrogateKey>false</isSurrogateKey>
<indexColumnUsage>
<colUsage columnID="74EDE14E-8401-CC2E-90F3-AB3CAD4F715C"/>
</indexColumnUsage>
</ind_PK_UK>
<ind_PK_UK id="A36443AA-81EF-759D-B67E-DD3B8B243133" name="ScheduleCleaner_Cleaner_FK">
<createdBy>andre</createdBy>
<createdTime>2019-06-26 13:48:45 UTC</createdTime>
<generatorID>32DE695B-ABE1-304B-AD4F-42DE89E53F24</generatorID>
<ownerDesignName>COMP231 - ERD</ownerDesignName>
<indexState>Foreign Key</indexState>
<isSurrogateKey>false</isSurrogateKey>
<indexColumnUsage>
<colUsage columnID="6B7C998E-16AA-06EA-49C0-C2AAAC4A2650"/>
</indexColumnUsage>
</ind_PK_UK>
</indexes>
</Table>