<?xml version = '1.0' encoding = 'UTF-8'?>
<Table class="oracle.dbtools.crest.model.design.relational.Table" directorySegmentName="seg_0" id="5974F429-2755-C1F8-818D-20B953CD636D" name="Address">
<createdBy>andre</createdBy>
<createdTime>2019-06-24 21:56:11 UTC</createdTime>
<generatorID>26AD7025-D5C1-695D-4D63-45E6DAC7555A</generatorID>
<ownerDesignName>COMP231 - ERD</ownerDesignName>
<allowColumnReorder>false</allowColumnReorder>
<existDependencyGenerateInDDl>true</existDependencyGenerateInDDl>
<parsed>true</parsed>
<columns itemClass="oracle.dbtools.crest.model.design.relational.Column">
<Column name="IdAddress" id="27F2CC5A-8BF3-640E-1DF6-A4CEA74D9C46">
<createdBy>andre</createdBy>
<createdTime>2019-06-24 21:56:11 UTC</createdTime>
<generatorID>E3B15B02-EDEF-9267-0861-A95B98A12D12</generatorID>
<ownerDesignName>COMP231 - ERD</ownerDesignName>
<useDomainConstraints>false</useDomainConstraints>
<use>1</use>
<logicalDatatype>LOGDT019</logicalDatatype>
<dataTypePrecision>10</dataTypePrecision>
<ownDataTypeParameters>,10,</ownDataTypeParameters>
<autoIncrementColumn>true</autoIncrementColumn>
<identityColumn>true</identityColumn>
<autoIncrementCycle>false</autoIncrementCycle>
</Column>
<Column name="IdCustomer" id="ED2BD581-640E-555F-69D2-A1B3E8578032">
<createdBy>andre</createdBy>
<createdTime>2019-06-24 21:56:11 UTC</createdTime>
<generatorID>A88C2B4C-ADB2-DD70-C231-608DC71755E0</generatorID>
<ownerDesignName>COMP231 - ERD</ownerDesignName>
<useDomainConstraints>false</useDomainConstraints>
<use>1</use>
<logicalDatatype>LOGDT019</logicalDatatype>
<dataTypePrecision>10</dataTypePrecision>
<ownDataTypeParameters>,,</ownDataTypeParameters>
<previousColumn>false</previousColumn>
<autoIncrementCycle>false</autoIncrementCycle>
<associations>
<colAssociation fkAssociation="75AE9AC1-DA2F-C1CB-4CCD-58B89656ECFE" referredColumn="5A8F5F37-BEE9-B8E2-4C5D-C4D28D5B3349"/>
</associations>
</Column>
<Column name="Address" id="12F61022-EDB0-70A5-5DCC-1FCE5A1F6B27">
<createdBy>andre</createdBy>
<createdTime>2019-06-24 21:56:11 UTC</createdTime>
<generatorID>C6342842-A7EC-48B9-36EE-1BE4761DC50D</generatorID>
<ownerDesignName>COMP231 - ERD</ownerDesignName>
<nullsAllowed>true</nullsAllowed>
<useDomainConstraints>false</useDomainConstraints>
<use>1</use>
<logicalDatatype>LOGDT024</logicalDatatype>
<dataTypeSize>50</dataTypeSize>
<ownDataTypeParameters>50,,</ownDataTypeParameters>
<autoIncrementCycle>false</autoIncrementCycle>
</Column>
<Column name="AddressUnit" id="0975A3E4-DA40-88C7-ADBE-6455C9DAA1A4">
<createdBy>andre</createdBy>
<createdTime>2019-06-24 21:56:11 UTC</createdTime>
<generatorID>7AB8AF44-7BA1-F039-AE71-4EC4686E1F4A</generatorID>
<ownerDesignName>COMP231 - ERD</ownerDesignName>
<nullsAllowed>true</nullsAllowed>
<useDomainConstraints>false</useDomainConstraints>
<use>1</use>
<logicalDatatype>LOGDT024</logicalDatatype>
<dataTypeSize>15</dataTypeSize>
<ownDataTypeParameters>15,,</ownDataTypeParameters>
<autoIncrementCycle>false</autoIncrementCycle>
</Column>
<Column name="PostalCode" id="15C0B714-FD8D-F96C-7796-2145FFC1100C">
<createdBy>andre</createdBy>
<createdTime>2019-06-24 21:56:11 UTC</createdTime>
<generatorID>36701E37-B182-C6F7-5328-15590A9541B4</generatorID>
<ownerDesignName>COMP231 - ERD</ownerDesignName>
<nullsAllowed>true</nullsAllowed>
<useDomainConstraints>false</useDomainConstraints>
<use>1</use>
<logicalDatatype>LOGDT024</logicalDatatype>
<dataTypeSize>6</dataTypeSize>
<ownDataTypeParameters>6,,</ownDataTypeParameters>
<autoIncrementCycle>false</autoIncrementCycle>
</Column>
<Column name="City" id="B630B86B-C10F-AA4E-2300-BB5A6CB238B7">
<createdBy>andre</createdBy>
<createdTime>2019-06-24 21:56:11 UTC</createdTime>
<generatorID>A15EB96D-0615-7260-E5F9-6722E92820C2</generatorID>
<ownerDesignName>COMP231 - ERD</ownerDesignName>
<nullsAllowed>true</nullsAllowed>
<useDomainConstraints>false</useDomainConstraints>
<use>1</use>
<logicalDatatype>LOGDT024</logicalDatatype>
<dataTypeSize>25</dataTypeSize>
<ownDataTypeParameters>25,,</ownDataTypeParameters>
<autoIncrementCycle>false</autoIncrementCycle>
</Column>
<Column name="Province" id="6B25E190-6D5D-D7FC-5263-B6174CCFC9B4">
<createdBy>andre</createdBy>
<createdTime>2019-06-24 21:56:11 UTC</createdTime>
<generatorID>63A45F83-1517-18D5-57C3-DAAEED637F6E</generatorID>
<ownerDesignName>COMP231 - ERD</ownerDesignName>
<nullsAllowed>true</nullsAllowed>
<useDomainConstraints>false</useDomainConstraints>
<use>1</use>
<logicalDatatype>LOGDT024</logicalDatatype>
<dataTypeSize>2</dataTypeSize>
<ownDataTypeParameters>2,,</ownDataTypeParameters>
<autoIncrementCycle>false</autoIncrementCycle>
</Column>
</columns>
<indexes itemClass="oracle.dbtools.crest.model.design.relational.Index">
<ind_PK_UK id="8AF4AEF6-5453-328A-D26F-3CF219E9891B" name="Address_PK">
<createdBy>andre</createdBy>
<createdTime>2019-06-24 21:56:11 UTC</createdTime>
<generatorID>FE17A092-14CC-49C6-4DDA-90237D662819</generatorID>
<ownerDesignName>COMP231 - ERD</ownerDesignName>
<pk>true</pk>
<indexState>Primary Constraint</indexState>
<isSurrogateKey>false</isSurrogateKey>
<indexColumnUsage>
<colUsage columnID="27F2CC5A-8BF3-640E-1DF6-A4CEA74D9C46"/>
</indexColumnUsage>
</ind_PK_UK>
<ind_PK_UK id="DCB55E0B-1938-56C0-E6B5-0601A29B24CB" name="Address_IDX">
<createdBy>andre</createdBy>
<createdTime>2019-06-24 21:56:11 UTC</createdTime>
<ownerDesignName>COMP231 - ERD</ownerDesignName>
<indexState>Unique Plain Index</indexState>
<isSurrogateKey>false</isSurrogateKey>
<relationGeneratorID>DE1CD913-71B7-3EBD-B61A-7EDBC7CE6B28</relationGeneratorID>
<indexColumnUsage>
<colUsage columnID="ED2BD581-640E-555F-69D2-A1B3E8578032"/>
</indexColumnUsage>
</ind_PK_UK>
<ind_PK_UK id="4975C979-E044-4A00-64AD-95EBC9547BAF" name="Address_Customer_FK">
<createdBy>andre</createdBy>
<createdTime>2019-06-24 21:56:11 UTC</createdTime>
<generatorID>DE1CD913-71B7-3EBD-B61A-7EDBC7CE6B28</generatorID>
<ownerDesignName>COMP231 - ERD</ownerDesignName>
<indexState>Foreign Key</indexState>
<isSurrogateKey>false</isSurrogateKey>
<indexColumnUsage>
<colUsage columnID="ED2BD581-640E-555F-69D2-A1B3E8578032"/>
</indexColumnUsage>
</ind_PK_UK>
</indexes>
</Table>