<?xml version = '1.0' encoding = 'UTF-8'?>
<Table class="oracle.dbtools.crest.model.design.relational.Table" directorySegmentName="seg_0" id="7716F4C0-0FB7-0CBF-511F-3D0810BE1C09" name="Appointment">
<createdBy>andre</createdBy>
<createdTime>2019-06-24 21:56:11 UTC</createdTime>
<generatorID>416895A0-5EA3-9E5F-574D-13AF1BD2B982</generatorID>
<ownerDesignName>COMP231 - ERD</ownerDesignName>
<allowColumnReorder>false</allowColumnReorder>
<existDependencyGenerateInDDl>true</existDependencyGenerateInDDl>
<parsed>true</parsed>
<columns itemClass="oracle.dbtools.crest.model.design.relational.Column">
<Column name="idAppointment" id="0FE10675-5924-1258-652C-D754F48FB7EA">
<createdBy>andre</createdBy>
<createdTime>2019-06-24 21:56:11 UTC</createdTime>
<generatorID>CEF6754E-D42B-05F9-C195-4510C04B547E</generatorID>
<ownerDesignName>COMP231 - ERD</ownerDesignName>
<useDomainConstraints>false</useDomainConstraints>
<use>1</use>
<logicalDatatype>LOGDT011</logicalDatatype>
<ownDataTypeParameters>,,</ownDataTypeParameters>
<autoIncrementColumn>true</autoIncrementColumn>
<identityColumn>true</identityColumn>
<autoIncrementCycle>false</autoIncrementCycle>
</Column>
<Column name="idServicePrice" id="496E9521-BD38-6693-19CC-6958B4D864E2">
<createdBy>andre</createdBy>
<createdTime>2019-06-24 21:56:11 UTC</createdTime>
<generatorID>02F7FBE8-87E8-B060-DDAD-ED25B141251F</generatorID>
<ownerDesignName>COMP231 - ERD</ownerDesignName>
<useDomainConstraints>false</useDomainConstraints>
<use>1</use>
<logicalDatatype>LOGDT011</logicalDatatype>
<ownDataTypeParameters>,,</ownDataTypeParameters>
<previousColumn>false</previousColumn>
<autoIncrementCycle>false</autoIncrementCycle>
<associations>
<colAssociation fkAssociation="68059606-CA2B-45C2-08A4-0C294CFFF468" referredColumn="47715122-725F-431B-9149-1371E15C9DE6"/>
</associations>
</Column>
<Column name="idCustomer" id="3AD2DCFC-8B23-60BC-A23F-CB2E61C220B8">
<createdBy>andre</createdBy>
<createdTime>2019-06-24 21:56:11 UTC</createdTime>
<generatorID>9E91D8A3-8D0D-38BA-6233-168A4B718CAA</generatorID>
<ownerDesignName>COMP231 - ERD</ownerDesignName>
<useDomainConstraints>false</useDomainConstraints>
<use>1</use>
<logicalDatatype>LOGDT011</logicalDatatype>
<ownDataTypeParameters>,,</ownDataTypeParameters>
<previousColumn>false</previousColumn>
<autoIncrementCycle>false</autoIncrementCycle>
<associations>
<colAssociation fkAssociation="F0C71638-8F54-7E46-A155-FCE2C96DF11B" referredColumn="5A8F5F37-BEE9-B8E2-4C5D-C4D28D5B3349"/>
</associations>
</Column>
<Column name="ctDateRequestService" id="E9886E90-EC11-6B9C-340D-C66D4E2B1FA2">
<createdBy>andre</createdBy>
<createdTime>2019-06-24 21:56:11 UTC</createdTime>
<generatorID>82A8162D-2773-BF6C-30BD-A1C108BD2EE9</generatorID>
<ownerDesignName>COMP231 - ERD</ownerDesignName>
<nullsAllowed>true</nullsAllowed>
<useDomainConstraints>false</useDomainConstraints>
<use>1</use>
<logicalDatatype>LOGDT008</logicalDatatype>
<ownDataTypeParameters>,,</ownDataTypeParameters>
<autoIncrementCycle>false</autoIncrementCycle>
</Column>
<Column name="ctHoursRequested" id="3BBA8A4F-8172-18FB-66BB-9182444F1508">
<createdBy>andre</createdBy>
<createdTime>2019-06-24 21:56:11 UTC</createdTime>
<generatorID>C492CB7D-9B04-652D-4702-FE11D9705382</generatorID>
<ownerDesignName>COMP231 - ERD</ownerDesignName>
<nullsAllowed>true</nullsAllowed>
<useDomainConstraints>false</useDomainConstraints>
<use>1</use>
<logicalDatatype>LOGDT019</logicalDatatype>
<dataTypePrecision>3</dataTypePrecision>
<ownDataTypeParameters>,3,</ownDataTypeParameters>
<autoIncrementCycle>false</autoIncrementCycle>
</Column>
<Column name="clockIn" id="6DD3A456-43E5-4A85-EF8A-2D99987466B2">
<createdBy>andre</createdBy>
<createdTime>2019-06-24 21:56:11 UTC</createdTime>
<generatorID>1B0C5A01-9CEC-BF81-8C91-7D4DFD1A6109</generatorID>
<ownerDesignName>COMP231 - ERD</ownerDesignName>
<nullsAllowed>true</nullsAllowed>
<useDomainConstraints>false</useDomainConstraints>
<use>1</use>
<logicalDatatype>LOGDT008</logicalDatatype>
<ownDataTypeParameters>,,</ownDataTypeParameters>
<autoIncrementCycle>false</autoIncrementCycle>
</Column>
<Column name="idCleaner" id="03EC2174-E235-8FC6-682D-B5F58CB8FE42">
<createdBy>andre</createdBy>
<createdTime>2019-06-24 21:56:11 UTC</createdTime>
<generatorID>6C74307D-62BB-3BAD-323E-5AC5DC92CE09</generatorID>
<ownerDesignName>COMP231 - ERD</ownerDesignName>
<useDomainConstraints>false</useDomainConstraints>
<use>1</use>
<logicalDatatype>LOGDT011</logicalDatatype>
<ownDataTypeParameters>,,</ownDataTypeParameters>
<previousColumn>false</previousColumn>
<autoIncrementCycle>false</autoIncrementCycle>
<associations>
<colAssociation fkAssociation="89320356-033B-09F8-2997-C9AF14FE1788" referredColumn="AA1D256B-99D1-5D78-D3E6-7808A669C451"/>
</associations>
</Column>
<Column name="clockOut" id="C397E436-7AB2-0363-EAD9-AB3DEA18FC34">
<createdBy>andre</createdBy>
<createdTime>2019-06-24 21:56:11 UTC</createdTime>
<generatorID>0BA6C557-02BA-73D1-1F3B-D9E18FA6F68F</generatorID>
<ownerDesignName>COMP231 - ERD</ownerDesignName>
<nullsAllowed>true</nullsAllowed>
<useDomainConstraints>false</useDomainConstraints>
<use>1</use>
<logicalDatatype>LOGDT008</logicalDatatype>
<ownDataTypeParameters>,,</ownDataTypeParameters>
<autoIncrementCycle>false</autoIncrementCycle>
</Column>
<Column name="cleanerRate" id="668FF26E-96A2-0CBB-BDF9-525A07D5C30E">
<createdBy>andre</createdBy>
<createdTime>2019-06-24 21:56:11 UTC</createdTime>
<generatorID>D7E84F0C-74C1-787A-9803-F6F153650162</generatorID>
<ownerDesignName>COMP231 - ERD</ownerDesignName>
<nullsAllowed>true</nullsAllowed>
<useDomainConstraints>false</useDomainConstraints>
<use>1</use>
<logicalDatatype>LOGDT024</logicalDatatype>
<dataTypeSize>10</dataTypeSize>
<ownDataTypeParameters>10,,</ownDataTypeParameters>
<autoIncrementCycle>false</autoIncrementCycle>
</Column>
<Column name="startTime" id="E898E0C6-8133-BF76-C9CE-BC4D24229B9A">
<createdBy>Fernando</createdBy>
<createdTime>2019-06-30 19:39:43 UTC</createdTime>
<ownerDesignName>COMP231 - ERD</ownerDesignName>
<nullsAllowed>true</nullsAllowed>
<useDomainConstraints>false</useDomainConstraints>
<use>1</use>
<logicalDatatype>LOGDT008</logicalDatatype>
<ownDataTypeParameters>,,</ownDataTypeParameters>
<autoIncrementCycle>false</autoIncrementCycle>
</Column>
<Column name="isSubscription" id="1A329D47-EA7E-C472-CFE9-7ECC7799BB8D">
<createdBy>Fernando</createdBy>
<createdTime>2019-06-30 19:40:23 UTC</createdTime>
<ownerDesignName>COMP231 - ERD</ownerDesignName>
<nullsAllowed>true</nullsAllowed>
<useDomainConstraints>false</useDomainConstraints>
<use>1</use>
<logicalDatatype>LOGDT034</logicalDatatype>
<dataTypeSize>1</dataTypeSize>
<ownDataTypeParameters>1,,</ownDataTypeParameters>
<autoIncrementCycle>false</autoIncrementCycle>
</Column>
</columns>
<indexes itemClass="oracle.dbtools.crest.model.design.relational.Index">
<ind_PK_UK id="0410D6C7-284F-0018-5C1A-3863DF2DA4B8" name="Appointment_PK">
<createdBy>andre</createdBy>
<createdTime>2019-06-24 21:56:11 UTC</createdTime>
<generatorID>0B594F91-518E-E093-0CBC-A7EF6D331D4A</generatorID>
<ownerDesignName>COMP231 - ERD</ownerDesignName>
<pk>true</pk>
<indexState>Primary Constraint</indexState>
<isSurrogateKey>false</isSurrogateKey>
<indexColumnUsage>
<colUsage columnID="0FE10675-5924-1258-652C-D754F48FB7EA"/>
</indexColumnUsage>
</ind_PK_UK>
<ind_PK_UK id="FF9172BE-E111-6379-F919-FD5994BFC610" name="Appointment_IDX">
<createdBy>andre</createdBy>
<createdTime>2019-06-24 21:56:11 UTC</createdTime>
<ownerDesignName>COMP231 - ERD</ownerDesignName>
<indexState>Unique Plain Index</indexState>
<isSurrogateKey>false</isSurrogateKey>
<relationGeneratorID>C6B4F293-F904-C433-6B92-CA99D2C85CEC</relationGeneratorID>
<indexColumnUsage>
<colUsage columnID="0FE10675-5924-1258-652C-D754F48FB7EA"/>
</indexColumnUsage>
</ind_PK_UK>
<ind_PK_UK id="99EA99C0-BC8B-C781-5FCD-B6AB09770321" name="Appointment_Cleaner_FK">
<createdBy>andre</createdBy>
<createdTime>2019-06-24 21:56:11 UTC</createdTime>
<generatorID>A03EF9F2-7B0A-7658-31C9-2D50348A7D82</generatorID>
<ownerDesignName>COMP231 - ERD</ownerDesignName>
<indexState>Foreign Key</indexState>
<isSurrogateKey>false</isSurrogateKey>
<indexColumnUsage>
<colUsage columnID="03EC2174-E235-8FC6-682D-B5F58CB8FE42"/>
</indexColumnUsage>
</ind_PK_UK>
<ind_PK_UK id="0C2C4719-C83A-8AB7-4896-6A25291B956A" name="Appointment_Customer_FK">
<createdBy>andre</createdBy>
<createdTime>2019-06-24 21:56:11 UTC</createdTime>
<generatorID>1D93C49B-F818-580D-3A9E-56B90161E12F</generatorID>
<ownerDesignName>COMP231 - ERD</ownerDesignName>
<indexState>Foreign Key</indexState>
<isSurrogateKey>false</isSurrogateKey>
<indexColumnUsage>
<colUsage columnID="3AD2DCFC-8B23-60BC-A23F-CB2E61C220B8"/>
</indexColumnUsage>
</ind_PK_UK>
<ind_PK_UK id="B810DE7F-1F0F-7ED3-01CD-6D3D4505E46A" name="Appointment_ServicePrice_FK">
<createdBy>andre</createdBy>
<createdTime>2019-06-24 21:56:11 UTC</createdTime>
<generatorID>C6B4F293-F904-C433-6B92-CA99D2C85CEC</generatorID>
<ownerDesignName>COMP231 - ERD</ownerDesignName>
<indexState>Foreign Key</indexState>
<isSurrogateKey>false</isSurrogateKey>
<indexColumnUsage>
<colUsage columnID="496E9521-BD38-6693-19CC-6958B4D864E2"/>
</indexColumnUsage>
</ind_PK_UK>
</indexes>
</Table>