<?xml version = '1.0' encoding = 'UTF-8'?>
<Table class="oracle.dbtools.crest.model.design.relational.Table" directorySegmentName="seg_0" id="7E7B3EED-8FB9-32C7-2A8F-342EB6A7BFA7" name="Customer">
<createdBy>andre</createdBy>
<createdTime>2019-06-24 21:56:11 UTC</createdTime>
<generatorID>5E5D1931-E5CD-5D36-D08B-DDFD4A6D333E</generatorID>
<ownerDesignName>COMP231 - ERD</ownerDesignName>
<allowColumnReorder>false</allowColumnReorder>
<existDependencyGenerateInDDl>true</existDependencyGenerateInDDl>
<parsed>true</parsed>
<columns itemClass="oracle.dbtools.crest.model.design.relational.Column">
<Column name="idCustomer" id="5A8F5F37-BEE9-B8E2-4C5D-C4D28D5B3349">
<createdBy>andre</createdBy>
<createdTime>2019-06-24 21:56:11 UTC</createdTime>
<generatorID>F414A205-DEA2-DCE6-0396-FE18136284F7</generatorID>
<ownerDesignName>COMP231 - ERD</ownerDesignName>
<useDomainConstraints>false</useDomainConstraints>
<use>1</use>
<logicalDatatype>LOGDT011</logicalDatatype>
<ownDataTypeParameters>,,</ownDataTypeParameters>
<autoIncrementColumn>true</autoIncrementColumn>
<identityColumn>true</identityColumn>
<autoIncrementCycle>false</autoIncrementCycle>
</Column>
<Column name="fCustomerName" id="1E057E35-1BD7-3585-9869-04BD1DA3F3F9">
<createdBy>andre</createdBy>
<createdTime>2019-06-24 21:56:11 UTC</createdTime>
<generatorID>718F4F03-F0BA-5F03-CF58-8844E86F5717</generatorID>
<ownerDesignName>COMP231 - ERD</ownerDesignName>
<useDomainConstraints>false</useDomainConstraints>
<use>1</use>
<logicalDatatype>LOGDT024</logicalDatatype>
<dataTypeSize>50</dataTypeSize>
<ownDataTypeParameters>50,,</ownDataTypeParameters>
<autoIncrementCycle>false</autoIncrementCycle>
</Column>
<Column name="mCustomerName" id="D4D68F72-B229-7E0A-13AE-13EA295E4514">
<createdBy>andre</createdBy>
<createdTime>2019-06-24 21:56:11 UTC</createdTime>
<generatorID>C799ACE3-E9B8-C149-EB1F-6EB8949E55E1</generatorID>
<ownerDesignName>COMP231 - ERD</ownerDesignName>
<nullsAllowed>true</nullsAllowed>
<useDomainConstraints>false</useDomainConstraints>
<use>1</use>
<logicalDatatype>LOGDT024</logicalDatatype>
<dataTypeSize>50</dataTypeSize>
<ownDataTypeParameters>50,,</ownDataTypeParameters>
<autoIncrementCycle>false</autoIncrementCycle>
</Column>
<Column name="lCustomerName" id="B4FA92A5-3DB4-FA6E-77EC-6A44A1457E48">
<createdBy>andre</createdBy>
<createdTime>2019-06-24 21:56:11 UTC</createdTime>
<generatorID>F4269951-0480-348A-7519-A1D297C71125</generatorID>
<ownerDesignName>COMP231 - ERD</ownerDesignName>
<useDomainConstraints>false</useDomainConstraints>
<use>1</use>
<logicalDatatype>LOGDT024</logicalDatatype>
<dataTypeSize>50</dataTypeSize>
<ownDataTypeParameters>50,,</ownDataTypeParameters>
<autoIncrementCycle>false</autoIncrementCycle>
</Column>
<Column name="ctPhone1" id="E076ECBE-BBA9-CA4D-F189-E503F9A79876">
<createdBy>andre</createdBy>
<createdTime>2019-06-24 21:56:11 UTC</createdTime>
<generatorID>80937F3E-87AA-1E3D-25A7-7A1D54D96362</generatorID>
<ownerDesignName>COMP231 - ERD</ownerDesignName>
<nullsAllowed>true</nullsAllowed>
<useDomainConstraints>false</useDomainConstraints>
<use>1</use>
<logicalDatatype>LOGDT024</logicalDatatype>
<dataTypeSize>14</dataTypeSize>
<ownDataTypeParameters>14,,</ownDataTypeParameters>
<autoIncrementCycle>false</autoIncrementCycle>
</Column>
<Column name="ctPhone2" id="5461FBA6-7F11-A8A9-F8DE-91E2D871452B">
<createdBy>andre</createdBy>
<createdTime>2019-06-24 21:56:11 UTC</createdTime>
<generatorID>FCD482E9-5B7D-C238-23E6-244C2C1E4555</generatorID>
<ownerDesignName>COMP231 - ERD</ownerDesignName>
<nullsAllowed>true</nullsAllowed>
<useDomainConstraints>false</useDomainConstraints>
<use>1</use>
<logicalDatatype>LOGDT024</logicalDatatype>
<dataTypeSize>14</dataTypeSize>
<ownDataTypeParameters>14,,</ownDataTypeParameters>
<autoIncrementCycle>false</autoIncrementCycle>
</Column>
<Column name="ctEmail" id="E91A3422-F920-F2BF-2B0A-512CA6B7D776">
<createdBy>andre</createdBy>
<createdTime>2019-06-24 21:56:11 UTC</createdTime>
<generatorID>F4E9CABA-374B-C648-7E1B-B1FCE11C221A</generatorID>
<ownerDesignName>COMP231 - ERD</ownerDesignName>
<nullsAllowed>true</nullsAllowed>
<useDomainConstraints>false</useDomainConstraints>
<use>1</use>
<logicalDatatype>LOGDT024</logicalDatatype>
<dataTypeSize>40</dataTypeSize>
<ownDataTypeParameters>40,,</ownDataTypeParameters>
<autoIncrementCycle>false</autoIncrementCycle>
</Column>
<Column name="username" id="B5ED8D69-4B43-44A1-AA60-AD5083667DDD">
<createdBy>andre</createdBy>
<createdTime>2019-06-24 21:56:11 UTC</createdTime>
<generatorID>D2521DE2-0BBD-2EDD-7781-A005D4AC9BFE</generatorID>
<ownerDesignName>COMP231 - ERD</ownerDesignName>
<useDomainConstraints>false</useDomainConstraints>
<use>1</use>
<logicalDatatype>LOGDT024</logicalDatatype>
<dataTypeSize>40</dataTypeSize>
<ownDataTypeParameters>,,</ownDataTypeParameters>
<previousColumn>false</previousColumn>
<autoIncrementCycle>false</autoIncrementCycle>
<associations>
<colAssociation fkAssociation="001A506B-EBA9-B835-8945-8D90E25A74BF" referredColumn="96AF4F6E-1780-06DD-883A-0D718CD124C7"/>
</associations>
</Column>
</columns>
<indexes itemClass="oracle.dbtools.crest.model.design.relational.Index">
<ind_PK_UK id="C2300149-4C43-6745-B087-4865715E71DA" name="Customer_PK">
<createdBy>andre</createdBy>
<createdTime>2019-06-24 21:56:11 UTC</createdTime>
<generatorID>19486C9B-BA3D-1E08-EC88-95BEFB3B0CE2</generatorID>
<ownerDesignName>COMP231 - ERD</ownerDesignName>
<pk>true</pk>
<indexState>Primary Constraint</indexState>
<isSurrogateKey>false</isSurrogateKey>
<indexColumnUsage>
<colUsage columnID="5A8F5F37-BEE9-B8E2-4C5D-C4D28D5B3349"/>
</indexColumnUsage>
</ind_PK_UK>
<ind_PK_UK id="1767FB25-A9A8-A0BF-0B0D-90BC15B7400B" name="Customer_IDX">
<createdBy>andre</createdBy>
<createdTime>2019-06-24 21:56:11 UTC</createdTime>
<ownerDesignName>COMP231 - ERD</ownerDesignName>
<indexState>Unique Plain Index</indexState>
<isSurrogateKey>false</isSurrogateKey>
<relationGeneratorID>EBE0F661-C4ED-F369-76A1-CCCEA0797950</relationGeneratorID>
<indexColumnUsage>
<colUsage columnID="B5ED8D69-4B43-44A1-AA60-AD5083667DDD"/>
</indexColumnUsage>
</ind_PK_UK>
<ind_PK_UK id="5BA9634F-B4A4-7EB4-C35B-831E1CD2F319" name="Customer_UserLogin_FK">
<createdBy>andre</createdBy>
<createdTime>2019-06-24 21:56:11 UTC</createdTime>
<generatorID>EBE0F661-C4ED-F369-76A1-CCCEA0797950</generatorID>
<ownerDesignName>COMP231 - ERD</ownerDesignName>
<indexState>Foreign Key</indexState>
<isSurrogateKey>false</isSurrogateKey>
<indexColumnUsage>
<colUsage columnID="B5ED8D69-4B43-44A1-AA60-AD5083667DDD"/>
</indexColumnUsage>
</ind_PK_UK>
</indexes>
</Table>