<?xml version = '1.0' encoding = 'UTF-8'?>
<Table class="oracle.dbtools.crest.model.design.relational.Table" directorySegmentName="seg_0" id="D8D8A2DE-CEAF-E34A-03A4-787BAF97E7F7" name="CustomerSubscription">
<createdBy>andre</createdBy>
<createdTime>2019-06-24 21:56:11 UTC</createdTime>
<generatorID>7ED95CCA-62D7-25A1-97A7-C90E096CEED8</generatorID>
<ownerDesignName>COMP231 - ERD</ownerDesignName>
<allowColumnReorder>false</allowColumnReorder>
<existDependencyGenerateInDDl>true</existDependencyGenerateInDDl>
<parsed>true</parsed>
<columns itemClass="oracle.dbtools.crest.model.design.relational.Column">
<Column name="idSubscription" id="D0B4D443-EDCF-2F3F-8C98-480B36C39030">
<createdBy>andre</createdBy>
<createdTime>2019-06-24 21:56:11 UTC</createdTime>
<generatorID>DCAFAE2B-609D-ED59-52E2-4CB542DE54EA</generatorID>
<ownerDesignName>COMP231 - ERD</ownerDesignName>
<useDomainConstraints>false</useDomainConstraints>
<use>1</use>
<logicalDatatype>LOGDT011</logicalDatatype>
<ownDataTypeParameters>,,</ownDataTypeParameters>
<autoIncrementColumn>true</autoIncrementColumn>
<identityColumn>true</identityColumn>
<autoIncrementCycle>false</autoIncrementCycle>
</Column>
<Column name="subscription" id="DF3560BA-5CF5-0677-F125-A47088F93474">
<createdBy>andre</createdBy>
<createdTime>2019-06-24 21:56:11 UTC</createdTime>
<generatorID>B66E182B-47C8-52AE-E7A0-5D0862FA5026</generatorID>
<ownerDesignName>COMP231 - ERD</ownerDesignName>
<nullsAllowed>true</nullsAllowed>
<useDomainConstraints>false</useDomainConstraints>
<use>1</use>
<logicalDatatype>LOGDT025</logicalDatatype>
<dataTypeSize>1 CHAR</dataTypeSize>
<listOfValues>
<valueDef value="N" description="No"/>
<valueDef value="Y" description="Yes"/>
</listOfValues>
<defaultValue>N</defaultValue>
<ownDataTypeParameters>1 CHAR,,</ownDataTypeParameters>
<autoIncrementCycle>false</autoIncrementCycle>
</Column>
<Column name="periodicity" id="FC4445C2-38BD-D3AF-C573-DEC933C9D485">
<createdBy>andre</createdBy>
<createdTime>2019-06-24 21:56:11 UTC</createdTime>
<generatorID>698CB0DB-7152-0878-B149-4EDCD7CCAA20</generatorID>
<ownerDesignName>COMP231 - ERD</ownerDesignName>
<nullsAllowed>true</nullsAllowed>
<useDomainConstraints>false</useDomainConstraints>
<use>1</use>
<logicalDatatype>LOGDT024</logicalDatatype>
<dataTypeSize>10</dataTypeSize>
<ownDataTypeParameters>10,,</ownDataTypeParameters>
<autoIncrementCycle>false</autoIncrementCycle>
</Column>
<Column name="finishDate" id="13F78B13-76AE-5ECA-A70B-AD969B2A72D4">
<createdBy>andre</createdBy>
<createdTime>2019-06-24 21:56:11 UTC</createdTime>
<generatorID>FECE6C0C-3B07-B047-B13A-89DF5C8392D4</generatorID>
<ownerDesignName>COMP231 - ERD</ownerDesignName>
<nullsAllowed>true</nullsAllowed>
<useDomainConstraints>false</useDomainConstraints>
<use>1</use>
<logicalDatatype>LOGDT008</logicalDatatype>
<ownDataTypeParameters>,,</ownDataTypeParameters>
<autoIncrementCycle>false</autoIncrementCycle>
</Column>
<Column name="idCustomer" id="BC552CEA-E256-76CF-33E8-E1EB4898BEDF">
<createdBy>andre</createdBy>
<createdTime>2019-06-24 21:56:11 UTC</createdTime>
<generatorID>72EC55A7-ED2E-BB8A-D7FA-E08E7919DB12</generatorID>
<ownerDesignName>COMP231 - ERD</ownerDesignName>
<useDomainConstraints>false</useDomainConstraints>
<use>1</use>
<logicalDatatype>LOGDT011</logicalDatatype>
<ownDataTypeParameters>,,</ownDataTypeParameters>
<autoIncrementCycle>false</autoIncrementCycle>
</Column>
</columns>
<indexes itemClass="oracle.dbtools.crest.model.design.relational.Index">
<ind_PK_UK id="26851F88-50A2-9D95-5FEC-8B40DCE6EF07" name="CustomerSubscription_PK">
<createdBy>andre</createdBy>
<createdTime>2019-06-24 21:56:11 UTC</createdTime>
<generatorID>F3F3184E-ACF2-F42C-7CC2-2D11CB4AC9FA</generatorID>
<ownerDesignName>COMP231 - ERD</ownerDesignName>
<pk>true</pk>
<indexState>Primary Constraint</indexState>
<isSurrogateKey>false</isSurrogateKey>
<indexColumnUsage>
<colUsage columnID="D0B4D443-EDCF-2F3F-8C98-480B36C39030"/>
</indexColumnUsage>
</ind_PK_UK>
</indexes>
</Table>