<?xml version = '1.0' encoding = 'UTF-8'?>
<Table class="oracle.dbtools.crest.model.design.relational.Table" directorySegmentName="seg_0" id="D8D8A2DE-CEAF-E34A-03A4-787BAF97E7F7" name="CustomerSubscription">
<createdBy>andre</createdBy>
<createdTime>2019-06-24 21:56:11 UTC</createdTime>
<generatorID>7ED95CCA-62D7-25A1-97A7-C90E096CEED8</generatorID>
<ownerDesignName>COMP231 - ERD</ownerDesignName>
<allowColumnReorder>false</allowColumnReorder>
<existDependencyGenerateInDDl>true</existDependencyGenerateInDDl>
<parsed>true</parsed>
<columns itemClass="oracle.dbtools.crest.model.design.relational.Column">
<Column name="idSubscription" id="D0B4D443-EDCF-2F3F-8C98-480B36C39030">
<createdBy>andre</createdBy>
<createdTime>2019-06-24 21:56:11 UTC</createdTime>
<generatorID>DCAFAE2B-609D-ED59-52E2-4CB542DE54EA</generatorID>
<ownerDesignName>COMP231 - ERD</ownerDesignName>
<useDomainConstraints>false</useDomainConstraints>
<use>1</use>
<logicalDatatype>LOGDT011</logicalDatatype>
<ownDataTypeParameters>,,</ownDataTypeParameters>
<autoIncrementColumn>true</autoIncrementColumn>
<identityColumn>true</identityColumn>
<autoIncrementCycle>false</autoIncrementCycle>
</Column>
<Column name="periodicity" id="FC4445C2-38BD-D3AF-C573-DEC933C9D485">
<createdBy>andre</createdBy>
<createdTime>2019-06-24 21:56:11 UTC</createdTime>
<generatorID>698CB0DB-7152-0878-B149-4EDCD7CCAA20</generatorID>
<ownerDesignName>COMP231 - ERD</ownerDesignName>
<nullsAllowed>true</nullsAllowed>
<useDomainConstraints>false</useDomainConstraints>
<use>1</use>
<logicalDatatype>LOGDT011</logicalDatatype>
<ownDataTypeParameters>,,</ownDataTypeParameters>
<autoIncrementCycle>false</autoIncrementCycle>
</Column>
<Column name="finishDate" id="13F78B13-76AE-5ECA-A70B-AD969B2A72D4">
<createdBy>andre</createdBy>
<createdTime>2019-06-24 21:56:11 UTC</createdTime>
<generatorID>FECE6C0C-3B07-B047-B13A-89DF5C8392D4</generatorID>
<ownerDesignName>COMP231 - ERD</ownerDesignName>
<nullsAllowed>true</nullsAllowed>
<useDomainConstraints>false</useDomainConstraints>
<use>1</use>
<logicalDatatype>LOGDT008</logicalDatatype>
<ownDataTypeParameters>,,</ownDataTypeParameters>
<autoIncrementCycle>false</autoIncrementCycle>
</Column>
<Column name="idAppointment" id="18BCF10E-9A31-F824-93A6-0EB7F2B9B7D5">
<createdBy>Fernando</createdBy>
<createdTime>2019-06-30 22:31:56 UTC</createdTime>
<ownerDesignName>COMP231 - ERD</ownerDesignName>
<useDomainConstraints>false</useDomainConstraints>
<use>1</use>
<logicalDatatype>LOGDT011</logicalDatatype>
<ownDataTypeParameters>,,</ownDataTypeParameters>
<previousColumn>false</previousColumn>
<autoIncrementCycle>false</autoIncrementCycle>
<associations>
<colAssociation fkAssociation="187878FC-630C-A19B-EEBB-DA2610F67744" referredColumn="0FE10675-5924-1258-652C-D754F48FB7EA"/>
</associations>
</Column>
</columns>
<indexes itemClass="oracle.dbtools.crest.model.design.relational.Index">
<ind_PK_UK id="26851F88-50A2-9D95-5FEC-8B40DCE6EF07" name="CustomerSubscription_PK">
<createdBy>andre</createdBy>
<createdTime>2019-06-24 21:56:11 UTC</createdTime>
<generatorID>F3F3184E-ACF2-F42C-7CC2-2D11CB4AC9FA</generatorID>
<ownerDesignName>COMP231 - ERD</ownerDesignName>
<pk>true</pk>
<indexState>Primary Constraint</indexState>
<isSurrogateKey>false</isSurrogateKey>
<indexColumnUsage>
<colUsage columnID="D0B4D443-EDCF-2F3F-8C98-480B36C39030"/>
</indexColumnUsage>
</ind_PK_UK>
<ind_PK_UK id="099216BE-F142-9365-2BCD-9C0FE935E188" name="CustomerSubscription_Appointment_FK">
<createdBy>Fernando</createdBy>
<createdTime>2019-06-30 22:31:56 UTC</createdTime>
<generatorID>0B594F91-518E-E093-0CBC-A7EF6D331D4A</generatorID>
<ownerDesignName>COMP231 - ERD</ownerDesignName>
<indexState>Foreign Key</indexState>
<isSurrogateKey>false</isSurrogateKey>
<indexColumnUsage>
<colUsage columnID="18BCF10E-9A31-F824-93A6-0EB7F2B9B7D5"/>
</indexColumnUsage>
</ind_PK_UK>
</indexes>
</Table>