<?xml version = '1.0' encoding = 'UTF-8'?>
<Table class="oracle.dbtools.crest.model.design.relational.Table" directorySegmentName="seg_0" id="E3AF043C-9609-D92B-2DE3-A7FB5B6E5718" name="ServicePrice">
<createdBy>andre</createdBy>
<createdTime>2019-06-24 21:56:11 UTC</createdTime>
<generatorID>73DE0839-C6DF-4727-DC4B-9F45BAE8CE05</generatorID>
<ownerDesignName>COMP231 - ERD</ownerDesignName>
<allowColumnReorder>false</allowColumnReorder>
<existDependencyGenerateInDDl>true</existDependencyGenerateInDDl>
<parsed>true</parsed>
<columns itemClass="oracle.dbtools.crest.model.design.relational.Column">
<Column name="idServicePrice" id="47715122-725F-431B-9149-1371E15C9DE6">
<createdBy>andre</createdBy>
<createdTime>2019-06-24 21:56:11 UTC</createdTime>
<generatorID>08D2F1F7-D7F1-CB50-CE20-4C2C2A6333EF</generatorID>
<ownerDesignName>COMP231 - ERD</ownerDesignName>
<useDomainConstraints>false</useDomainConstraints>
<use>1</use>
<logicalDatatype>LOGDT011</logicalDatatype>
<ownDataTypeParameters>,,</ownDataTypeParameters>
<autoIncrementColumn>true</autoIncrementColumn>
<identityColumn>true</identityColumn>
<autoIncrementCycle>false</autoIncrementCycle>
</Column>
<Column name="ctAmountHour" id="BBBF8F08-D9D8-91B0-E419-B10BEB6B4DA5">
<createdBy>andre</createdBy>
<createdTime>2019-06-24 21:56:11 UTC</createdTime>
<generatorID>47402D0A-1F48-EC4B-B98D-597E91C872AB</generatorID>
<ownerDesignName>COMP231 - ERD</ownerDesignName>
<useDomainConstraints>false</useDomainConstraints>
<use>1</use>
<logicalDatatype>LOGDT019</logicalDatatype>
<dataTypePrecision>8</dataTypePrecision>
<dataTypeScale>2</dataTypeScale>
<ownDataTypeParameters>,8,2</ownDataTypeParameters>
<autoIncrementCycle>false</autoIncrementCycle>
</Column>
<Column name="clAmountHour" id="48AAE9B0-0FAC-4CEB-8884-1E83315A2D05">
<createdBy>andre</createdBy>
<createdTime>2019-06-24 21:56:11 UTC</createdTime>
<generatorID>A088AC00-FEB2-C871-DD11-89DD003623EF</generatorID>
<ownerDesignName>COMP231 - ERD</ownerDesignName>
<useDomainConstraints>false</useDomainConstraints>
<use>1</use>
<logicalDatatype>LOGDT019</logicalDatatype>
<dataTypePrecision>8</dataTypePrecision>
<dataTypeScale>2</dataTypeScale>
<ownDataTypeParameters>,8,2</ownDataTypeParameters>
<autoIncrementCycle>false</autoIncrementCycle>
</Column>
<Column name="servicePriceStatus" id="373A89D5-339F-2810-AD0D-DF2FF717BC03">
<createdBy>andre</createdBy>
<createdTime>2019-06-24 21:56:11 UTC</createdTime>
<generatorID>DE9B9EE0-AD08-4CF4-2206-4B596BD4D073</generatorID>
<ownerDesignName>COMP231 - ERD</ownerDesignName>
<useDomainConstraints>false</useDomainConstraints>
<use>1</use>
<logicalDatatype>LOGDT025</logicalDatatype>
<dataTypeSize>1 CHAR</dataTypeSize>
<listOfValues>
<valueDef value="A" description="Active"/>
<valueDef value="I" description="Inactive"/>
</listOfValues>
<defaultValue>A</defaultValue>
<ownDataTypeParameters>1 CHAR,,</ownDataTypeParameters>
<autoIncrementCycle>false</autoIncrementCycle>
</Column>
</columns>
<indexes itemClass="oracle.dbtools.crest.model.design.relational.Index">
<ind_PK_UK id="CC4C1E8B-8026-F5E2-0AB4-1912B2C5BBAD" name="ServicePrice_PK">
<createdBy>andre</createdBy>
<createdTime>2019-06-24 21:56:11 UTC</createdTime>
<generatorID>D8B1797B-4384-21C1-58DA-7EF65573D6B0</generatorID>
<ownerDesignName>COMP231 - ERD</ownerDesignName>
<pk>true</pk>
<indexState>Primary Constraint</indexState>
<isSurrogateKey>false</isSurrogateKey>
<indexColumnUsage>
<colUsage columnID="47715122-725F-431B-9149-1371E15C9DE6"/>
</indexColumnUsage>
</ind_PK_UK>
</indexes>
</Table>