<?xml version = '1.0' encoding = 'UTF-8'?>
<FKIndexAssociation class="oracle.dbtools.crest.model.design.relational.FKIndexAssociation" directorySegmentName="seg_0" id="001A506B-EBA9-B835-8945-8D90E25A74BF" containerWithKeyObject="7E7B3EED-8FB9-32C7-2A8F-342EB6A7BFA7" localFKIndex="5BA9634F-B4A4-7EB4-C35B-831E1CD2F319" name="Customer_UserLogin_FK">
<createdBy>andre</createdBy>
<createdTime>2019-06-24 21:56:11 UTC</createdTime>
<generatorID>EBE0F661-C4ED-F369-76A1-CCCEA0797950</generatorID>
<ownerDesignName>COMP231 - ERD</ownerDesignName>
<referredTableLongName>UserLogin</referredTableLongName>
<deleteRule>NO ACTION</deleteRule>
<referredTableID>A93F4DE5-ACAC-A2E4-FE63-280D45953750</referredTableID>
<keyObject>860318CF-45B0-2457-4A02-6FDD96D180F8</keyObject>
<referredKeyID>860318CF-45B0-2457-4A02-6FDD96D180F8</referredKeyID>
<mandatory>true</mandatory>
<refColNames>Username</refColNames>
<transferable>true</transferable>
<rely>false</rely>
<columnDependencyConstraintGenerateInDDL>true</columnDependencyConstraintGenerateInDDL>
</FKIndexAssociation>