<?xml version = '1.0' encoding = 'UTF-8'?>
<FKIndexAssociation class="oracle.dbtools.crest.model.design.relational.FKIndexAssociation" directorySegmentName="seg_0" id="0123C867-3378-2050-8CE2-7CE3855D1847" containerWithKeyObject="D8D8A2DE-CEAF-E34A-03A4-787BAF97E7F7" localFKIndex="934327A7-106C-1FE3-88EE-CF50E5B25365" name="CustomerSubscription_Customer_FK">
<createdBy>andre</createdBy>
<createdTime>2019-06-24 21:56:11 UTC</createdTime>
<generatorID>CA899CA9-B824-2EAA-F7FF-6844DFB786DE</generatorID>
<ownerDesignName>COMP231 - ERD</ownerDesignName>
<referredTableLongName>Customer</referredTableLongName>
<deleteRule>NO ACTION</deleteRule>
<referredTableID>7E7B3EED-8FB9-32C7-2A8F-342EB6A7BFA7</referredTableID>
<keyObject>C2300149-4C43-6745-B087-4865715E71DA</keyObject>
<referredKeyID>C2300149-4C43-6745-B087-4865715E71DA</referredKeyID>
<mandatory>true</mandatory>
<refColNames>IdCustomer</refColNames>
<transferable>true</transferable>
<rely>false</rely>
<columnDependencyConstraintGenerateInDDL>true</columnDependencyConstraintGenerateInDDL>
</FKIndexAssociation>