<?xml version = '1.0' encoding = 'UTF-8'?>
<FKIndexAssociation class="oracle.dbtools.crest.model.design.relational.FKIndexAssociation" directorySegmentName="seg_0" id="04DC40DE-FE83-3FDF-A13D-3D12679CA221" containerWithKeyObject="7716F4C0-0FB7-0CBF-511F-3D0810BE1C09" localFKIndex="38F1D221-FCFF-D1AC-149D-1394A5429BDA" name="Appointment_CustomerSubscription_FK">
<createdBy>Fernando</createdBy>
<createdTime>2019-06-30 19:41:05 UTC</createdTime>
<generatorID>F3F3184E-ACF2-F42C-7CC2-2D11CB4AC9FA</generatorID>
<ownerDesignName>COMP231 - ERD</ownerDesignName>
<referredTableLongName>CustomerSubscription</referredTableLongName>
<deleteRule>NO ACTION</deleteRule>
<referredTableID>D8D8A2DE-CEAF-E34A-03A4-787BAF97E7F7</referredTableID>
<keyObject>26851F88-50A2-9D95-5FEC-8B40DCE6EF07</keyObject>
<referredKeyID>26851F88-50A2-9D95-5FEC-8B40DCE6EF07</referredKeyID>
<mandatory>false</mandatory>
<refColNames>idSubscription</refColNames>
<transferable>true</transferable>
<rely>false</rely>
<discriminatorColumn>D0B4D443-EDCF-2F3F-8C98-480B36C39030</discriminatorColumn>
<columnDependencyConstraintGenerateInDDL>true</columnDependencyConstraintGenerateInDDL>
</FKIndexAssociation>