<?xml version = '1.0' encoding = 'UTF-8'?>
<FKIndexAssociation class="oracle.dbtools.crest.model.design.relational.FKIndexAssociation" directorySegmentName="seg_0" id="187878FC-630C-A19B-EEBB-DA2610F67744" containerWithKeyObject="D8D8A2DE-CEAF-E34A-03A4-787BAF97E7F7" localFKIndex="099216BE-F142-9365-2BCD-9C0FE935E188" name="CustomerSubscription_Appointment_FK">
<createdBy>Fernando</createdBy>
<createdTime>2019-06-30 22:31:56 UTC</createdTime>
<generatorID>0B594F91-518E-E093-0CBC-A7EF6D331D4A</generatorID>
<ownerDesignName>COMP231 - ERD</ownerDesignName>
<referredTableLongName>Appointment</referredTableLongName>
<deleteRule>NO ACTION</deleteRule>
<referredTableID>7716F4C0-0FB7-0CBF-511F-3D0810BE1C09</referredTableID>
<keyObject>0410D6C7-284F-0018-5C1A-3863DF2DA4B8</keyObject>
<referredKeyID>0410D6C7-284F-0018-5C1A-3863DF2DA4B8</referredKeyID>
<mandatory>true</mandatory>
<refColNames>idAppointment</refColNames>
<transferable>true</transferable>
<rely>false</rely>
<discriminatorColumn>0FE10675-5924-1258-652C-D754F48FB7EA</discriminatorColumn>
<columnDependencyConstraintGenerateInDDL>true</columnDependencyConstraintGenerateInDDL>
</FKIndexAssociation>