<?xml version = '1.0' encoding = 'UTF-8'?>
<FKIndexAssociation class="oracle.dbtools.crest.model.design.relational.FKIndexAssociation" directorySegmentName="seg_0" id="272EF14A-4AC9-E8E5-DE8F-8D27A64FACA6" containerWithKeyObject="B4BACEAD-7186-1491-6200-E17215B62F77" localFKIndex="C2CE05F3-F7A7-C90F-69C2-E246E86A298B" name="Cleaner_UserLogin_FK">
<createdBy>andre</createdBy>
<createdTime>2019-06-24 21:56:11 UTC</createdTime>
<generatorID>F5658C8E-F954-918E-3F7C-899F4D783EC6</generatorID>
<ownerDesignName>COMP231 - ERD</ownerDesignName>
<referredTableLongName>UserLogin</referredTableLongName>
<deleteRule>NO ACTION</deleteRule>
<referredTableID>A93F4DE5-ACAC-A2E4-FE63-280D45953750</referredTableID>
<keyObject>860318CF-45B0-2457-4A02-6FDD96D180F8</keyObject>
<referredKeyID>860318CF-45B0-2457-4A02-6FDD96D180F8</referredKeyID>
<mandatory>true</mandatory>
<refColNames>Username</refColNames>
<transferable>true</transferable>
<rely>false</rely>
<columnDependencyConstraintGenerateInDDL>true</columnDependencyConstraintGenerateInDDL>
</FKIndexAssociation>