<?xml version = '1.0' encoding = 'UTF-8'?>
<FKIndexAssociation class="oracle.dbtools.crest.model.design.relational.FKIndexAssociation" directorySegmentName="seg_0" id="68059606-CA2B-45C2-08A4-0C294CFFF468" containerWithKeyObject="7716F4C0-0FB7-0CBF-511F-3D0810BE1C09" localFKIndex="B810DE7F-1F0F-7ED3-01CD-6D3D4505E46A" name="Appointment_ServicePrice_FK">
<createdBy>andre</createdBy>
<createdTime>2019-06-24 21:56:11 UTC</createdTime>
<generatorID>C6B4F293-F904-C433-6B92-CA99D2C85CEC</generatorID>
<ownerDesignName>COMP231 - ERD</ownerDesignName>
<referredTableLongName>ServicePrice</referredTableLongName>
<deleteRule>NO ACTION</deleteRule>
<referredTableID>E3AF043C-9609-D92B-2DE3-A7FB5B6E5718</referredTableID>
<keyObject>CC4C1E8B-8026-F5E2-0AB4-1912B2C5BBAD</keyObject>
<referredKeyID>CC4C1E8B-8026-F5E2-0AB4-1912B2C5BBAD</referredKeyID>
<mandatory>true</mandatory>
<refColNames>IdServicePrice</refColNames>
<transferable>true</transferable>
<rely>false</rely>
<columnDependencyConstraintGenerateInDDL>true</columnDependencyConstraintGenerateInDDL>
</FKIndexAssociation>