<?xml version = '1.0' encoding = 'UTF-8'?>
<FKIndexAssociation class="oracle.dbtools.crest.model.design.relational.FKIndexAssociation" directorySegmentName="seg_0" id="75AE9AC1-DA2F-C1CB-4CCD-58B89656ECFE" containerWithKeyObject="5974F429-2755-C1F8-818D-20B953CD636D" localFKIndex="4975C979-E044-4A00-64AD-95EBC9547BAF" name="Address_Customer_FK">
<createdBy>andre</createdBy>
<createdTime>2019-06-24 21:56:11 UTC</createdTime>
<generatorID>DE1CD913-71B7-3EBD-B61A-7EDBC7CE6B28</generatorID>
<ownerDesignName>COMP231 - ERD</ownerDesignName>
<referredTableLongName>Customer</referredTableLongName>
<deleteRule>NO ACTION</deleteRule>
<referredTableID>7E7B3EED-8FB9-32C7-2A8F-342EB6A7BFA7</referredTableID>
<keyObject>C2300149-4C43-6745-B087-4865715E71DA</keyObject>
<referredKeyID>C2300149-4C43-6745-B087-4865715E71DA</referredKeyID>
<mandatory>true</mandatory>
<refColNames>IdCustomer</refColNames>
<transferable>true</transferable>
<rely>false</rely>
<columnDependencyConstraintGenerateInDDL>true</columnDependencyConstraintGenerateInDDL>
</FKIndexAssociation>