<?xml version = '1.0' encoding = 'UTF-8'?>
<FKIndexAssociation class="oracle.dbtools.crest.model.design.relational.FKIndexAssociation" directorySegmentName="seg_0" id="89320356-033B-09F8-2997-C9AF14FE1788" containerWithKeyObject="7716F4C0-0FB7-0CBF-511F-3D0810BE1C09" localFKIndex="99EA99C0-BC8B-C781-5FCD-B6AB09770321" name="Appointment_Cleaner_FK">
<createdBy>andre</createdBy>
<createdTime>2019-06-24 21:56:11 UTC</createdTime>
<generatorID>A03EF9F2-7B0A-7658-31C9-2D50348A7D82</generatorID>
<ownerDesignName>COMP231 - ERD</ownerDesignName>
<referredTableLongName>Cleaner</referredTableLongName>
<deleteRule>NO ACTION</deleteRule>
<referredTableID>B4BACEAD-7186-1491-6200-E17215B62F77</referredTableID>
<keyObject>FAEE0F65-4C66-0A9B-7671-54CACE4BD1FE</keyObject>
<referredKeyID>FAEE0F65-4C66-0A9B-7671-54CACE4BD1FE</referredKeyID>
<mandatory>true</mandatory>
<refColNames>IdCleaner</refColNames>
<transferable>true</transferable>
<rely>false</rely>
<columnDependencyConstraintGenerateInDDL>true</columnDependencyConstraintGenerateInDDL>
</FKIndexAssociation>