<?xml version = '1.0' encoding = 'UTF-8'?>
<FKIndexAssociation class="oracle.dbtools.crest.model.design.relational.FKIndexAssociation" directorySegmentName="seg_0" id="956195CD-841E-A162-611D-6B9C0FB27EBA" containerWithKeyObject="26044110-4D64-4B26-9A9C-4A8BA78627C6" localFKIndex="A36443AA-81EF-759D-B67E-DD3B8B243133" name="ScheduleCleaner_Cleaner_FK">
<createdBy>andre</createdBy>
<createdTime>2019-06-26 13:48:45 UTC</createdTime>
<generatorID>32DE695B-ABE1-304B-AD4F-42DE89E53F24</generatorID>
<ownerDesignName>COMP231 - ERD</ownerDesignName>
<referredTableLongName>Cleaner</referredTableLongName>
<deleteRule>NO ACTION</deleteRule>
<referredTableID>B4BACEAD-7186-1491-6200-E17215B62F77</referredTableID>
<keyObject>FAEE0F65-4C66-0A9B-7671-54CACE4BD1FE</keyObject>
<referredKeyID>FAEE0F65-4C66-0A9B-7671-54CACE4BD1FE</referredKeyID>
<mandatory>true</mandatory>
<refColNames>IdCleaner</refColNames>
<transferable>true</transferable>
<rely>false</rely>
<columnDependencyConstraintGenerateInDDL>true</columnDependencyConstraintGenerateInDDL>
</FKIndexAssociation>