<?xml version = '1.0' encoding = 'UTF-8'?>
<FKIndexAssociation class="oracle.dbtools.crest.model.design.relational.FKIndexAssociation" directorySegmentName="seg_0" id="B1A9D973-F778-CEF9-16EB-3D64979E5483" containerWithKeyObject="20F42387-5102-8C45-46F9-6459C388B19E" localFKIndex="E2E8BDFB-73B8-8991-1C3A-2DAE6D4396B4" name="AppointmentPayment_Appointment_FK">
<createdBy>andre</createdBy>
<createdTime>2019-06-24 21:56:11 UTC</createdTime>
<generatorID>4FAB083E-ED8B-13BD-9632-07426ADA08C8</generatorID>
<ownerDesignName>COMP231 - ERD</ownerDesignName>
<referredTableLongName>Appointment</referredTableLongName>
<deleteRule>NO ACTION</deleteRule>
<referredTableID>7716F4C0-0FB7-0CBF-511F-3D0810BE1C09</referredTableID>
<keyObject>0410D6C7-284F-0018-5C1A-3863DF2DA4B8</keyObject>
<referredKeyID>0410D6C7-284F-0018-5C1A-3863DF2DA4B8</referredKeyID>
<mandatory>true</mandatory>
<refColNames>IdAppointment</refColNames>
<transferable>true</transferable>
<rely>false</rely>
<columnDependencyConstraintGenerateInDDL>true</columnDependencyConstraintGenerateInDDL>
</FKIndexAssociation>