<?xml version = '1.0' encoding = 'UTF-8'?>
<FKIndexAssociation class="oracle.dbtools.crest.model.design.relational.FKIndexAssociation" directorySegmentName="seg_0" id="F0C71638-8F54-7E46-A155-FCE2C96DF11B" containerWithKeyObject="7716F4C0-0FB7-0CBF-511F-3D0810BE1C09" localFKIndex="0C2C4719-C83A-8AB7-4896-6A25291B956A" name="Appointment_Customer_FK">
<createdBy>andre</createdBy>
<createdTime>2019-06-24 21:56:11 UTC</createdTime>
<generatorID>1D93C49B-F818-580D-3A9E-56B90161E12F</generatorID>
<ownerDesignName>COMP231 - ERD</ownerDesignName>
<referredTableLongName>Customer</referredTableLongName>
<deleteRule>NO ACTION</deleteRule>
<referredTableID>7E7B3EED-8FB9-32C7-2A8F-342EB6A7BFA7</referredTableID>
<keyObject>C2300149-4C43-6745-B087-4865715E71DA</keyObject>
<referredKeyID>C2300149-4C43-6745-B087-4865715E71DA</referredKeyID>
<mandatory>true</mandatory>
<refColNames>IdCustomer</refColNames>
<transferable>true</transferable>
<rely>false</rely>
<columnDependencyConstraintGenerateInDDL>true</columnDependencyConstraintGenerateInDDL>
</FKIndexAssociation>